from,to,numIncidents,arrested,ward,arrestDate
M000082,M000096,2,FALSE,6,NA
M000082,M000095,2,FALSE,6,NA
M000096,M000095,2,FALSE,2,NA
M000011,M000013,3,FALSE,3,NA
M000011,M000014,3,FALSE,3,NA
M000013,M000014,4,FALSE,6,NA
M000028,M000029,1,FALSE,3,NA
M000028,M000030,1,FALSE,3,NA
M000029,M000030,2,FALSE,3,NA
M000068,M000069,1,FALSE,5,NA
M000068,M000070,1,FALSE,5,NA
M000069,M000070,1,FALSE,5,NA
M000005,M000006,3,FALSE,4,NA
M000099,M000246,3,FALSE,3,NA
M000001,M000002,5,FALSE,3,NA
M000002,M000064,2,FALSE,3,NA
M000002,M000065,2,FALSE,3,NA
M000064,M000065,2,FALSE,1,NA
M000148,M000149,1,FALSE,6,NA
M000148,M000150,1,FALSE,6,NA
M000149,M000150,2,FALSE,6,NA
M000003,M000004,3,FALSE,5,NA
M000793,M000794,2,FALSE,1,NA
M000793,M000795,2,FALSE,1,NA
M000794,M000795,1,FALSE,NA,NA
M000265,M000266,2,FALSE,2,NA
M000010,M000011,2,FALSE,3,NA
M000010,M000012,2,FALSE,3,NA
M000011,M000012,3,FALSE,3,NA
M000422,M000423,1,FALSE,1,NA
M000004,M000007,4,FALSE,5,NA
M000004,M000006,4,FALSE,5,NA
M000007,M000006,3,FALSE,1,NA
M000910,M000911,3,TRUE,2,NA
M000910,M000912,3,TRUE,2,NA
M000911,M000912,1,FALSE,2,NA
M000123,M000124,1,FALSE,6,NA
M000346,M000347,2,FALSE,5,NA
M000019,M000020,1,FALSE,4,NA
M000019,M000021,1,FALSE,4,NA
M000020,M000021,1,FALSE,4,NA
M000030,M000114,3,FALSE,3,NA
M000034,M000053,2,FALSE,5,NA
M000034,M000052,2,FALSE,5,NA
M000053,M000052,3,FALSE,1,NA
M000101,M000102,1,FALSE,1,NA
M000003,M000063,3,FALSE,5,NA
M000052,M000037,5,FALSE,1,NA
M000052,M000074,5,FALSE,1,NA
M000037,M000074,3,FALSE,6,NA
M000078,M000079,2,FALSE,2,NA
M000050,M000051,3,FALSE,3,NA
M000200,M000203,2,FALSE,3,NA
M000012,M000061,4,FALSE,3,NA
M000012,M000062,4,FALSE,3,NA
M000061,M000062,2,FALSE,2,NA
M000007,M000008,3,FALSE,1,NA
M000007,M000009,3,FALSE,1,NA
M000008,M000009,1,FALSE,5,NA
M000033,M000034,1,FALSE,5,NA
M000033,M000035,1,FALSE,5,NA
M000034,M000035,2,FALSE,5,NA
M000308,M000309,2,FALSE,6,NA
M000308,M000310,2,FALSE,6,NA
M000309,M000310,2,FALSE,6,NA
M000001,M000012,5,FALSE,3,NA
M000001,M000017,5,FALSE,3,NA
M000012,M000017,4,FALSE,3,NA
M000131,M000300,3,FALSE,3,NA
M000131,M000301,3,FALSE,3,NA
M000300,M000301,4,FALSE,4,NA
M000005,M000015,3,FALSE,4,NA
M000005,M000016,3,FALSE,4,NA
M000015,M000016,1,FALSE,3,NA
M000678,M000679,3,FALSE,5,NA
M000678,M000680,3,FALSE,5,NA
M000679,M000680,1,FALSE,3,NA
M000038,M000039,5,FALSE,6,NA
M000038,M000040,5,FALSE,6,NA
M000039,M000040,3,FALSE,6,NA
M000172,M000173,1,FALSE,6,NA
M000172,M000174,1,FALSE,6,NA
M000173,M000174,1,FALSE,6,NA
M000042,M000043,1,FALSE,2,NA
M000091,M000092,2,FALSE,3,NA
M000091,M000093,2,FALSE,3,NA
M000092,M000093,2,FALSE,3,NA
M000022,M000046,2,FALSE,2,NA
M000022,M000047,2,FALSE,2,NA
M000046,M000047,1,FALSE,1,NA
M000039,M000072,3,FALSE,6,NA
M000039,M000073,3,FALSE,6,NA
M000072,M000073,1,FALSE,1,NA
M000128,M000129,2,FALSE,5,NA
M000128,M000130,2,FALSE,5,NA
M000129,M000130,2,TRUE,5,NA
M000819,M000820,1,FALSE,5,NA
M000819,M000821,1,FALSE,5,NA
M000820,M000821,1,FALSE,5,NA
M000022,M000023,2,FALSE,2,NA
M000022,M000024,2,FALSE,2,NA
M000023,M000024,4,FALSE,2,NA
M000126,M000901,3,FALSE,3,NA
M000126,M000900,3,FALSE,3,NA
M000901,M000900,3,FALSE,6,NA
M000025,M000026,3,FALSE,3,NA
M000025,M000027,3,FALSE,3,NA
M000026,M000027,2,FALSE,3,NA
M000159,M000567,2,FALSE,4,NA
M000159,M000595,2,FALSE,4,NA
M000567,M000595,3,FALSE,5,NA
M000048,M000049,2,FALSE,3,NA
M000085,M000086,1,FALSE,1,NA
M000085,M000087,1,FALSE,1,NA
M000086,M000087,1,FALSE,1,NA
M000025,M000050,3,FALSE,3,NA
M000025,M000049,3,FALSE,3,NA
M000050,M000049,3,FALSE,3,NA
M000041,M000044,3,FALSE,6,NA
M000041,M000045,3,FALSE,6,NA
M000044,M000045,1,FALSE,1,NA
M000012,M000071,4,FALSE,3,NA
M000036,M000037,1,FALSE,6,NA
M000018,M000031,3,FALSE,3,NA
M000364,M000126,3,FALSE,5,NA
M000364,M000463,3,FALSE,5,NA
M000364,M000462,3,FALSE,5,NA
M000126,M000463,3,FALSE,3,NA
M000126,M000462,3,FALSE,3,NA
M000463,M000462,3,FALSE,5,NA
M000089,M000090,1,FALSE,6,NA
M000824,M000825,1,FALSE,3,NA
M000824,M000826,1,FALSE,3,NA
M000825,M000826,2,FALSE,3,NA
M000262,M000263,1,FALSE,3,NA
M000262,M000264,1,FALSE,3,NA
M000263,M000264,1,FALSE,3,NA
M000013,M000066,4,FALSE,6,NA
M000105,M000106,1,FALSE,5,NA
M000105,M000107,1,FALSE,5,NA
M000106,M000107,2,FALSE,5,NA
M000061,M000245,2,FALSE,2,NA
M000061,M000244,2,FALSE,2,NA
M000245,M000244,2,FALSE,6,NA
M000049,M000067,4,FALSE,3,NA
M000144,M000153,2,FALSE,3,NA
M000144,M000154,2,FALSE,3,NA
M000153,M000154,2,FALSE,5,NA
M000711,M000712,2,FALSE,1,NA
M000711,M000713,2,FALSE,1,NA
M000712,M000713,1,FALSE,3,NA
M000029,M000166,2,FALSE,3,NA
M000029,M000165,2,FALSE,3,NA
M000166,M000165,2,FALSE,5,NA
M000083,M000084,2,FALSE,1,NA
M000611,M000680,3,FALSE,3,NA
M000611,M000786,3,FALSE,3,NA
M000680,M000786,2,FALSE,3,NA
M000058,M000059,2,FALSE,1,NA
M000058,M000060,2,FALSE,1,NA
M000059,M000060,1,FALSE,1,NA
M000264,M000392,3,FALSE,3,NA
M000264,M000391,3,FALSE,3,NA
M000392,M000391,4,TRUE,6,NA
M000004,M000052,4,FALSE,5,NA
M000852,M000853,1,FALSE,4,NA
M000500,M000501,1,FALSE,2,NA
M000055,M000056,3,TRUE,3,NA
M000051,M000088,2,FALSE,1,NA
M000389,M000390,1,FALSE,3,NA
M000389,M000391,1,FALSE,3,NA
M000390,M000391,1,FALSE,3,NA
M000682,M000902,2,FALSE,2,NA
M000682,M000903,2,FALSE,2,NA
M000902,M000903,2,FALSE,3,NA
M000075,M000108,2,FALSE,1,NA
M000217,M000276,2,FALSE,4,NA
M000217,M000277,2,FALSE,4,NA
M000276,M000277,1,FALSE,5,NA
M000094,M000095,2,FALSE,1,NA
M000143,M000144,2,FALSE,3,NA
M000143,M000145,2,FALSE,3,NA
M000144,M000145,2,FALSE,3,NA
M000045,M000116,3,FALSE,1,NA
M000830,M000901,2,FALSE,4,NA
M000830,M000900,2,FALSE,4,NA
M000081,M000082,1,FALSE,6,NA
M000075,M000076,2,FALSE,1,NA
M000131,M000132,3,FALSE,3,NA
M000257,M000258,1,FALSE,4,NA
M000257,M000259,1,FALSE,4,NA
M000258,M000259,1,FALSE,4,NA
M000032,M000302,2,FALSE,1,NA
M000032,M000301,2,FALSE,1,NA
M000302,M000301,2,FALSE,5,NA
M000073,M000230,3,FALSE,1,NA
M000040,M000177,2,FALSE,6,NA
M000040,M000178,2,FALSE,6,NA
M000177,M000178,2,FALSE,1,NA
M000133,M000134,1,FALSE,3,NA
M000742,M000743,1,FALSE,1,NA
M000177,M000222,2,FALSE,1,NA
M000189,M000190,1,FALSE,5,NA
M000419,M000420,1,FALSE,3,NA
M000419,M000421,1,FALSE,3,NA
M000420,M000421,2,FALSE,3,NA
M000340,M000341,2,TRUE,1,NA
M000191,M000192,1,FALSE,5,NA
M000191,M000193,1,FALSE,5,NA
M000192,M000193,2,FALSE,5,NA
M000094,M000227,2,FALSE,1,NA
M000094,M000228,2,FALSE,1,NA
M000227,M000228,1,FALSE,5,NA
M000155,M000156,1,FALSE,4,NA
M000155,M000157,1,FALSE,4,NA
M000156,M000157,1,FALSE,4,NA
M000111,M000112,3,FALSE,5,NA
M000234,M000385,2,FALSE,3,NA
M000096,M000097,2,FALSE,2,NA
M000064,M000175,2,FALSE,1,NA
M000064,M000176,2,FALSE,1,NA
M000175,M000176,3,FALSE,1,NA
M000858,M000859,1,FALSE,1,NA
M000858,M000860,1,FALSE,1,NA
M000859,M000860,1,FALSE,1,NA
M000151,M000152,1,FALSE,1,NA
M000013,M000185,4,FALSE,6,NA
M000013,M000186,4,FALSE,6,NA
M000185,M000186,1,FALSE,1,NA
M000098,M000099,2,FALSE,3,NA
M000098,M000100,2,FALSE,3,NA
M000099,M000100,3,FALSE,3,NA
M000696,M000697,1,FALSE,2,NA
M000041,M000225,3,FALSE,6,NA
M000041,M000226,3,FALSE,6,NA
M000225,M000226,2,FALSE,5,NA
M000013,M000125,4,FALSE,6,NA
M000013,M000126,4,FALSE,6,NA
M000125,M000126,2,FALSE,3,NA
M000214,M000215,1,FALSE,5,NA
M000214,M000216,1,FALSE,5,NA
M000215,M000216,1,FALSE,5,NA
M000195,M000196,1,FALSE,5,NA
M000298,M000371,2,FALSE,5,NA
M000298,M000372,2,FALSE,5,NA
M000371,M000372,1,FALSE,6,NA
M000052,M000103,5,FALSE,1,NA
M000135,M000136,1,FALSE,1,NA
M000135,M000137,1,FALSE,1,NA
M000136,M000137,2,FALSE,1,NA
M000063,M000052,3,FALSE,1,NA
M000063,M000109,3,FALSE,1,NA
M000052,M000109,5,FALSE,1,NA
M000063,M000122,3,FALSE,1,NA
M000067,M000158,2,FALSE,3,NA
M000067,M000159,2,FALSE,3,NA
M000158,M000159,1,FALSE,4,NA
M000194,M000205,3,FALSE,3,NA
M000194,M000206,3,FALSE,3,NA
M000205,M000206,1,FALSE,1,NA
M000585,M000586,2,FALSE,6,NA
M000585,M000587,2,FALSE,6,NA
M000586,M000587,1,FALSE,6,NA
M000348,M000616,2,FALSE,5,NA
M000348,M000617,2,FALSE,5,NA
M000616,M000617,1,FALSE,1,NA
M000054,M000117,3,FALSE,NA,NA
M000054,M000116,3,FALSE,NA,NA
M000117,M000116,3,FALSE,2,NA
M000179,M000735,2,FALSE,3,NA
M000332,M000333,2,FALSE,3,NA
M000332,M000334,2,FALSE,3,NA
M000333,M000334,2,FALSE,4,NA
M000146,M000147,2,FALSE,4,NA
M000879,M000880,1,FALSE,6,NA
M000879,M000881,1,FALSE,6,NA
M000880,M000881,2,FALSE,6,NA
M000049,M000412,4,FALSE,3,NA
M000049,M000411,4,FALSE,3,NA
M000412,M000411,2,FALSE,3,NA
M000117,M000118,3,FALSE,2,NA
M000117,M000119,3,FALSE,2,NA
M000118,M000119,1,FALSE,3,NA
M000120,M000121,2,FALSE,6,NA
M000045,M000353,3,FALSE,1,NA
M000400,M000401,3,TRUE,5,NA
M000400,M000402,3,TRUE,5,NA
M000401,M000402,1,FALSE,3,NA
M000273,M000274,1,FALSE,4,NA
M000298,M000299,2,FALSE,5,NA
M000104,M000300,4,FALSE,2,NA
M000104,M000299,4,FALSE,2,NA
M000300,M000299,4,FALSE,4,NA
M000031,M000296,2,FALSE,2,NA
M000031,M000297,2,FALSE,2,NA
M000296,M000297,1,FALSE,4,NA
M000315,M000348,2,FALSE,2,NA
M000315,M000349,2,FALSE,2,NA
M000348,M000349,2,FALSE,5,NA
M000650,M000801,2,FALSE,2,NA
M000813,M000814,1,FALSE,5,NA
M000813,M000815,1,FALSE,5,NA
M000814,M000815,1,FALSE,5,NA
M000304,M000335,2,FALSE,4,NA
M000304,M000334,2,FALSE,4,NA
M000335,M000334,5,FALSE,3,NA
M000090,M000209,2,FALSE,6,NA
M000201,M000202,1,FALSE,2,NA
M000153,M000025,2,FALSE,5,NA
M000153,M000350,2,FALSE,5,NA
M000025,M000350,3,FALSE,3,NA
M000833,M000834,1,FALSE,4,NA
M000160,M000161,1,FALSE,1,NA
M000141,M000142,2,FALSE,6,NA
M000468,M000382,2,FALSE,5,NA
M000468,M000591,2,FALSE,5,NA
M000382,M000591,2,FALSE,4,NA
M000736,M000737,1,FALSE,3,NA
M000138,M000139,1,FALSE,5,NA
M000354,M000355,1,FALSE,6,NA
M000023,M000166,4,FALSE,2,NA
M000023,M000167,4,FALSE,2,NA
M000166,M000167,2,FALSE,5,NA
M000557,M000558,1,FALSE,1,NA
M000557,M000559,1,FALSE,1,NA
M000558,M000559,2,FALSE,1,NA
M000182,M000183,1,FALSE,5,NA
M000182,M000184,1,FALSE,5,NA
M000183,M000184,2,FALSE,5,NA
M000162,M000163,1,FALSE,3,NA
M000236,M000030,3,FALSE,3,NA
M000236,M000405,3,FALSE,3,NA
M000236,M000404,3,FALSE,3,NA
M000030,M000405,3,FALSE,3,NA
M000030,M000404,3,FALSE,3,NA
M000405,M000404,2,FALSE,5,NA
M000240,M000241,1,FALSE,5,NA
M000460,M000461,1,FALSE,4,NA
M000270,M000271,1,FALSE,5,NA
M000663,M000664,1,FALSE,2,NA
M000060,M000164,2,FALSE,1,NA
M000060,M000165,2,FALSE,1,NA
M000164,M000165,2,FALSE,6,NA
M000198,M000522,5,FALSE,3,NA
M000198,M000523,5,FALSE,3,NA
M000522,M000523,2,FALSE,5,NA
M000231,M000232,1,FALSE,6,NA
M000844,M000845,1,FALSE,1,NA
M000874,M000875,1,FALSE,3,NA
M000021,M000168,2,FALSE,4,NA
M000021,M000169,2,FALSE,4,NA
M000168,M000169,1,FALSE,5,NA
M000179,M000180,2,FALSE,3,NA
M000179,M000181,2,FALSE,3,NA
M000180,M000181,1,FALSE,3,NA
M000184,M000221,3,FALSE,5,NA
M000170,M000171,1,FALSE,5,NA
M000653,M000654,1,FALSE,1,NA
M000119,M000223,2,FALSE,3,NA
M000119,M000224,2,FALSE,3,NA
M000223,M000224,1,FALSE,4,NA
M000083,M000232,2,FALSE,1,NA
M000083,M000392,2,FALSE,1,NA
M000232,M000392,2,FALSE,6,NA
M000234,M000235,2,FALSE,3,NA
M000110,M000251,2,FALSE,6,NA
M000110,M000252,2,FALSE,6,NA
M000251,M000252,1,FALSE,5,NA
M000363,M000364,1,FALSE,5,NA
M000363,M000365,1,FALSE,5,NA
M000364,M000365,3,FALSE,5,NA
M000120,M000521,2,FALSE,6,NA
M000004,M000197,4,FALSE,5,NA
M000004,M000196,4,FALSE,5,NA
M000197,M000196,2,FALSE,5,NA
M000366,M000367,1,FALSE,3,NA
M000771,M000772,1,FALSE,3,NA
M000771,M000773,1,FALSE,3,NA
M000772,M000773,1,FALSE,3,NA
M000073,M000199,3,FALSE,1,NA
M000073,M000200,3,FALSE,1,NA
M000199,M000200,1,FALSE,3,NA
M000239,M000400,2,FALSE,1,NA
M000239,M000399,2,FALSE,1,NA
M000400,M000399,3,TRUE,5,NA
M000471,M000472,1,FALSE,5,NA
M000236,M000237,3,FALSE,3,NA
M000807,M000808,1,FALSE,3,NA
M000807,M000809,1,FALSE,3,NA
M000808,M000809,1,FALSE,3,NA
M000289,M000290,1,FALSE,1,NA
M000289,M000291,1,FALSE,1,NA
M000290,M000291,2,FALSE,1,NA
M000163,M000311,2,FALSE,3,NA
M000163,M000310,2,FALSE,3,NA
M000311,M000310,2,FALSE,1,NA
M000104,M000217,4,FALSE,2,NA
M000104,M000218,4,FALSE,2,NA
M000217,M000218,2,FALSE,4,NA
M000050,M000210,3,FALSE,3,NA
M000407,M000408,3,FALSE,5,NA
M000211,M000212,1,FALSE,5,NA
M000078,M000481,2,FALSE,2,NA
M000078,M000482,2,FALSE,2,NA
M000481,M000482,2,FALSE,1,NA
M000247,M000248,1,FALSE,1,NA
M000247,M000249,1,FALSE,1,NA
M000248,M000249,1,FALSE,1,NA
M000242,M000243,1,FALSE,5,NA
M000242,M000244,1,FALSE,5,NA
M000243,M000244,1,FALSE,5,NA
M000369,M000370,1,FALSE,1,NA
M000104,M000219,4,FALSE,2,NA
M000104,M000220,4,FALSE,2,NA
M000219,M000220,1,FALSE,6,NA
M000117,M000373,3,FALSE,2,NA
M000316,M000574,2,FALSE,3,NA
M000316,M000575,2,FALSE,3,NA
M000574,M000575,1,FALSE,3,NA
M000365,M000700,2,FALSE,5,NA
M000302,M000303,2,FALSE,5,NA
M000127,M000268,2,FALSE,4,NA
M000127,M000269,2,FALSE,4,NA
M000268,M000269,4,FALSE,6,NA
M000071,M000738,2,FALSE,3,NA
M000810,M000811,2,FALSE,1,NA
M000238,M000239,1,FALSE,1,NA
M000171,M000190,2,FALSE,5,NA
M000171,M000272,2,FALSE,5,NA
M000190,M000272,2,FALSE,5,NA
M000254,M000255,1,FALSE,2,NA
M000516,M000517,2,FALSE,3,NA
M000491,M000492,1,FALSE,3,NA
M000278,M000279,2,FALSE,5,NA
M000278,M000280,2,FALSE,5,NA
M000279,M000280,1,FALSE,5,NA
M000111,M000351,3,FALSE,5,NA
M000111,M000352,3,FALSE,5,NA
M000351,M000352,2,FALSE,2,NA
M000091,M000357,2,FALSE,3,NA
M000149,M000250,2,FALSE,6,NA
M000286,M000287,1,FALSE,5,NA
M000534,M000535,1,FALSE,5,NA
M000038,M000318,5,FALSE,6,NA
M000038,M000319,5,FALSE,6,NA
M000318,M000319,1,FALSE,5,NA
M000048,M000282,2,FALSE,3,NA
M000048,M000283,2,FALSE,3,NA
M000282,M000283,2,FALSE,5,NA
M000592,M000593,1,FALSE,3,NA
M000896,M000897,2,FALSE,3,NA
M000896,M000898,2,FALSE,3,NA
M000897,M000898,1,FALSE,3,NA
M000260,M000342,2,FALSE,5,NA
M000440,M000441,2,FALSE,1,NA
M000167,M000374,2,FALSE,1,NA
M000306,M000307,1,FALSE,6,NA
M000292,M000293,2,FALSE,1,NA
M000292,M000294,2,FALSE,1,NA
M000293,M000294,2,FALSE,1,NA
M000213,M000412,2,FALSE,3,NA
M000326,M000327,2,FALSE,3,NA
M000326,M000328,2,FALSE,3,NA
M000327,M000328,1,FALSE,3,NA
M000287,M000039,2,FALSE,5,NA
M000287,M000343,2,FALSE,5,NA
M000039,M000343,3,FALSE,6,NA
M000266,M000778,2,FALSE,2,NA
M000266,M000779,2,FALSE,2,NA
M000778,M000779,1,FALSE,2,NA
M000311,M000312,2,FALSE,1,NA
M000290,M000313,2,FALSE,1,NA
M000139,M000288,2,FALSE,5,NA
M000375,M000376,1,FALSE,6,NA
M000128,M000424,2,FALSE,5,NA
M000128,M000423,2,FALSE,5,NA
M000424,M000423,2,FALSE,3,NA
M000360,M000058,2,FALSE,5,NA
M000360,M000739,2,FALSE,5,NA
M000058,M000739,2,FALSE,1,NA
M000233,M000316,2,FALSE,3,NA
M000233,M000317,2,FALSE,3,NA
M000316,M000317,2,FALSE,3,NA
M000578,M000579,1,FALSE,6,NA
M000578,M000580,1,FALSE,6,NA
M000579,M000580,1,FALSE,6,NA
M000314,M000315,1,FALSE,2,NA
M000358,M000359,1,FALSE,3,NA
M000204,M000299,2,FALSE,5,NA
M000204,M000463,2,FALSE,5,NA
M000299,M000463,3,FALSE,5,NA
M000740,M000741,1,FALSE,6,NA
M000692,M000788,3,FALSE,3,NA
M000560,M000561,1,FALSE,1,NA
M000346,M000473,2,FALSE,5,NA
M000442,M000443,1,FALSE,4,NA
M000442,M000444,1,FALSE,4,NA
M000443,M000444,1,FALSE,4,NA
M000702,M000703,2,TRUE,2,NA
M000702,M000704,2,TRUE,2,NA
M000703,M000704,1,FALSE,2,NA
M000452,M000453,2,FALSE,1,NA
M000132,M000454,2,FALSE,3,NA
M000341,M000360,2,FALSE,1,NA
M000341,M000361,2,FALSE,1,NA
M000360,M000361,2,FALSE,5,NA
M000084,M000322,2,FALSE,1,NA
M000084,M000323,2,FALSE,1,NA
M000322,M000323,3,FALSE,5,NA
M000001,M000337,5,FALSE,3,NA
M000414,M000415,1,FALSE,6,NA
M000324,M000325,1,FALSE,3,NA
M000011,M000596,3,FALSE,3,NA
M000011,M000597,3,FALSE,3,NA
M000596,M000597,2,FALSE,5,NA
M000379,M000380,1,FALSE,6,NA
M000310,M000377,3,FALSE,6,NA
M000310,M000378,3,FALSE,6,NA
M000377,M000378,1,FALSE,5,NA
M000333,M001702,2,FALSE,4,NA
M000304,M000305,2,FALSE,4,NA
M000445,M000446,1,FALSE,5,NA
M000381,M000382,1,FALSE,4,NA
M001102,M001695,2,TRUE,3,2022/12/03 10:00:00+00
M000483,M000484,1,FALSE,2,NA
M000623,M000624,1,FALSE,6,NA
M000623,M000625,1,FALSE,6,NA
M000624,M000625,1,FALSE,6,NA
M000386,M000387,1,FALSE,3,NA
M000386,M000388,1,FALSE,3,NA
M000387,M000388,1,FALSE,3,NA
M000322,M000332,3,FALSE,5,NA
M000322,M000331,3,FALSE,5,NA
M000332,M000331,2,FALSE,3,NA
M000352,M000835,3,FALSE,2,NA
M000395,M000396,1,FALSE,1,NA
M000395,M000397,1,FALSE,1,NA
M000396,M000397,2,FALSE,1,NA
M000329,M000330,4,TRUE,3,NA
M000329,M000331,4,TRUE,3,NA
M000330,M000331,1,FALSE,3,NA
M000194,M000284,3,FALSE,3,NA
M000194,M000399,3,FALSE,3,NA
M000284,M000399,3,FALSE,6,NA
M000416,M000417,1,FALSE,3,NA
M000321,M000338,2,FALSE,1,NA
M000321,M000339,2,FALSE,1,NA
M000338,M000339,1,FALSE,4,NA
M000222,M000458,4,FALSE,6,NA
M000222,M000634,4,FALSE,6,NA
M000458,M000634,3,FALSE,5,NA
M000448,M000449,1,FALSE,4,NA
M000502,M000503,1,FALSE,6,NA
M000410,M000411,2,FALSE,1,NA
M000056,M000862,2,FALSE,3,NA
M000056,M000863,2,FALSE,3,NA
M000862,M000863,2,FALSE,6,NA
M000457,M000458,1,FALSE,5,NA
M000457,M000459,1,FALSE,5,NA
M000458,M000459,3,FALSE,5,NA
M000455,M000456,1,FALSE,3,NA
M000397,M000364,2,FALSE,1,NA
M000397,M000410,2,FALSE,1,NA
M000397,M000409,2,FALSE,1,NA
M000364,M000410,3,FALSE,5,NA
M000364,M000409,3,FALSE,5,NA
M000410,M000409,2,FALSE,1,NA
M000292,M000415,2,FALSE,1,NA
M000292,M000428,2,FALSE,1,NA
M000415,M000428,2,FALSE,6,NA
M000426,M000427,2,FALSE,4,NA
M000393,M000394,1,FALSE,4,NA
M000368,M000278,2,FALSE,6,NA
M000368,M000496,2,FALSE,6,NA
M000278,M000496,2,FALSE,5,NA
M000816,M000817,1,FALSE,3,NA
M000816,M000818,1,FALSE,3,NA
M000817,M000818,1,FALSE,3,NA
M000255,M000695,5,FALSE,2,NA
M000255,M000694,5,FALSE,2,NA
M000695,M000694,2,FALSE,5,NA
M000255,M000498,5,FALSE,2,NA
M000255,M000499,5,FALSE,2,NA
M000498,M000499,1,FALSE,6,NA
M000023,M000475,4,FALSE,2,NA
M000023,M000476,4,FALSE,2,NA
M000475,M000476,1,FALSE,1,NA
M000198,M000447,5,FALSE,3,NA
M000745,M000746,1,FALSE,3,NA
M000745,M000747,1,FALSE,3,NA
M000746,M000747,1,FALSE,3,NA
M000433,M000434,2,FALSE,6,NA
M000433,M000435,2,FALSE,6,NA
M000434,M000435,1,FALSE,6,NA
M000198,M000429,5,FALSE,3,NA
M000198,M000430,5,FALSE,3,NA
M000429,M000430,1,FALSE,3,NA
M000054,M000549,3,FALSE,NA,NA
M000656,M000657,1,FALSE,5,NA
M000047,M000399,3,FALSE,1,NA
M000047,M000398,3,FALSE,1,NA
M000399,M000398,3,FALSE,4,NA
M000488,M000489,1,FALSE,1,NA
M000038,M000424,5,FALSE,6,NA
M000610,M000611,1,FALSE,3,NA
M000610,M000612,1,FALSE,3,NA
M000611,M000612,3,FALSE,3,NA
M000822,M000823,2,FALSE,3,NA
M000431,M000432,1,FALSE,3,NA
M000883,M000884,1,FALSE,1,NA
M000883,M000885,1,FALSE,1,NA
M000884,M000885,1,FALSE,1,NA
M000055,M000450,3,TRUE,3,NA
M000055,M000451,3,TRUE,3,NA
M000450,M000451,1,FALSE,6,NA
M000536,M000537,1,FALSE,5,NA
M000536,M000538,1,FALSE,5,NA
M000537,M000538,3,FALSE,5,NA
M000508,M000509,1,FALSE,3,NA
M000508,M000510,1,FALSE,3,NA
M000509,M000510,2,FALSE,3,NA
M000436,M000437,1,FALSE,3,NA
M000613,M000614,1,FALSE,5,NA
M000277,M000440,2,FALSE,5,NA
M000277,M000551,2,FALSE,5,NA
M000440,M000551,2,FALSE,1,NA
M000511,M000512,1,FALSE,4,NA
M000477,M000478,2,FALSE,1,NA
M000477,M000479,2,FALSE,1,NA
M000478,M000479,1,FALSE,1,NA
M000255,M000785,5,FALSE,2,NA
M000255,M000784,5,FALSE,2,NA
M000785,M000784,2,FALSE,3,NA
M000568,M000569,2,FALSE,3,NA
M000568,M000570,2,FALSE,3,NA
M000569,M000570,1,FALSE,3,NA
M000095,M000695,3,FALSE,1,NA
M000539,M000540,1,FALSE,5,NA
M000539,M000541,1,FALSE,5,NA
M000540,M000541,1,FALSE,5,NA
M000466,M000467,1,FALSE,1,NA
M000748,M000749,1,FALSE,1,NA
M000458,M000685,3,FALSE,5,NA
M000458,M000684,3,FALSE,5,NA
M000685,M000684,3,FALSE,3,NA
M000630,M000631,1,FALSE,5,NA
M000630,M000632,1,FALSE,5,NA
M000631,M000632,1,FALSE,5,NA
M000868,M000869,1,FALSE,2,NA
M000868,M000870,1,FALSE,2,NA
M000869,M000870,1,FALSE,2,NA
M000513,M000514,1,FALSE,6,NA
M000305,M000581,4,FALSE,4,NA
M000305,M000582,4,FALSE,4,NA
M000581,M000582,1,FALSE,6,NA
M000003,M000892,3,FALSE,5,NA
M000003,M000893,3,FALSE,5,NA
M000892,M000893,1,FALSE,2,NA
M000504,M000505,1,FALSE,6,NA
M000504,M000506,1,FALSE,6,NA
M000505,M000506,1,FALSE,6,NA
M000542,M000543,1,FALSE,2,NA
M000542,M000544,1,FALSE,2,NA
M000543,M000544,1,FALSE,2,NA
M000537,M000545,3,FALSE,5,NA
M000537,M000546,3,FALSE,5,NA
M000545,M000546,1,FALSE,6,NA
M000518,M000678,2,FALSE,3,NA
M000518,M000677,2,FALSE,3,NA
M000678,M000677,3,FALSE,5,NA
M000541,M000698,2,FALSE,5,NA
M000541,M000699,2,FALSE,5,NA
M000698,M000699,1,FALSE,NA,NA
M000322,M000529,3,FALSE,5,NA
M000322,M000530,3,FALSE,5,NA
M000529,M000530,1,FALSE,6,NA
M000547,M000548,1,FALSE,2,NA
M000802,M000803,1,FALSE,6,NA
M000802,M000804,1,FALSE,6,NA
M000803,M000804,1,FALSE,6,NA
M000634,M000753,3,FALSE,3,NA
M000038,M000447,5,FALSE,6,NA
M000038,M000638,5,FALSE,6,NA
M000447,M000638,2,FALSE,6,NA
M000626,M000627,1,FALSE,6,NA
M000626,M000628,1,FALSE,6,NA
M000627,M000628,2,FALSE,6,NA
M000010,M000609,2,FALSE,3,NA
M000175,M000770,3,FALSE,1,NA
M000175,M000849,3,FALSE,1,NA
M000175,M000848,3,FALSE,1,NA
M000770,M000849,2,FALSE,6,NA
M000770,M000848,2,FALSE,6,NA
M000849,M000848,2,FALSE,6,NA
M000728,M000729,1,FALSE,5,NA
M000087,M000268,2,FALSE,1,NA
M000087,M000490,2,FALSE,1,NA
M000268,M000490,4,FALSE,6,NA
M000433,M000485,2,FALSE,6,NA
M000433,M000486,2,FALSE,6,NA
M000485,M000486,1,FALSE,6,NA
M000516,M000411,2,FALSE,3,NA
M000516,M000667,2,FALSE,3,NA
M000516,M000666,2,FALSE,3,NA
M000411,M000667,3,FALSE,5,NA
M000411,M000666,3,FALSE,5,NA
M000667,M000666,3,FALSE,3,NA
M000255,M000752,5,FALSE,2,NA
M000320,M000519,2,FALSE,1,NA
M000871,M000872,1,FALSE,5,NA
M000531,M000532,1,FALSE,1,NA
M000329,M000494,4,TRUE,3,NA
M000329,M000495,4,TRUE,3,NA
M000494,M000495,1,FALSE,6,NA
M000667,M000668,3,FALSE,3,NA
M000503,M000790,2,FALSE,6,NA
M000503,M000791,2,FALSE,6,NA
M000790,M000791,1,FALSE,5,NA
M000222,M000888,4,FALSE,6,NA
M000222,M000889,4,FALSE,6,NA
M000888,M000889,1,FALSE,1,NA
M000750,M000751,1,FALSE,1,NA
M000798,M000799,1,FALSE,1,NA
M000798,M000800,1,FALSE,1,NA
M000799,M000800,1,FALSE,1,NA
M000268,M000524,4,FALSE,6,NA
M000268,M000525,4,FALSE,6,NA
M000524,M000525,1,FALSE,3,NA
M000796,M000797,1,FALSE,5,NA
M000192,M000717,2,FALSE,5,NA
M000192,M000718,2,FALSE,5,NA
M000717,M000718,1,FALSE,4,NA
M000558,M000577,2,FALSE,1,NA
M000175,M000528,3,FALSE,1,NA
M000175,M000527,3,FALSE,1,NA
M000528,M000527,2,FALSE,6,NA
M000634,M000755,3,FALSE,3,NA
M000432,M000533,2,FALSE,3,NA
M000599,M000600,1,FALSE,3,NA
M000599,M000601,1,FALSE,3,NA
M000600,M000601,2,FALSE,3,NA
M000335,M000611,5,FALSE,3,NA
M000335,M000793,5,FALSE,3,NA
M000335,M000792,5,FALSE,3,NA
M000611,M000793,3,FALSE,3,NA
M000611,M000792,3,FALSE,3,NA
M000793,M000792,2,FALSE,1,NA
M000774,M000907,2,FALSE,6,NA
M000774,M000908,2,FALSE,6,NA
M000907,M000908,1,FALSE,4,NA
M000606,M000607,1,FALSE,5,NA
M000606,M000608,1,FALSE,5,NA
M000607,M000608,1,FALSE,5,NA
M000562,M000563,2,FALSE,1,NA
M000562,M000564,2,FALSE,1,NA
M000563,M000564,1,FALSE,1,NA
M000567,M000805,3,FALSE,5,NA
M000567,M000806,3,FALSE,5,NA
M000805,M000806,1,FALSE,5,NA
M000635,M000636,1,FALSE,1,NA
M000635,M000637,1,FALSE,1,NA
M000636,M000637,1,FALSE,1,NA
M000140,M000620,3,FALSE,5,NA
M000140,M000621,3,FALSE,5,NA
M000620,M000621,1,FALSE,6,NA
M000639,M000640,2,FALSE,3,NA
M000639,M000641,2,FALSE,3,NA
M000640,M000641,1,FALSE,3,NA
M000572,M000573,1,FALSE,6,NA
M000651,M000652,2,FALSE,3,NA
M000461,M000705,3,FALSE,4,NA
M000461,M000706,3,FALSE,4,NA
M000705,M000706,3,FALSE,2,NA
M000552,M000553,1,FALSE,1,NA
M000552,M000554,1,FALSE,1,NA
M000553,M000554,1,FALSE,1,NA
M000565,M000566,1,FALSE,5,NA
M000565,M000567,1,FALSE,5,NA
M000566,M000567,1,FALSE,5,NA
M000646,M000647,1,FALSE,2,NA
M000370,M000618,2,FALSE,1,NA
M000370,M000619,2,FALSE,1,NA
M000618,M000619,1,FALSE,1,NA
M000509,M000588,2,FALSE,3,NA
M000107,M000707,2,FALSE,5,NA
M000107,M000708,2,FALSE,5,NA
M000707,M000708,1,FALSE,3,NA
M000300,M000303,4,FALSE,4,NA
M000300,M000576,4,FALSE,4,NA
M000303,M000576,2,FALSE,1,NA
M000738,M000827,2,FALSE,3,NA
M000738,M000828,2,FALSE,3,NA
M000827,M000828,1,FALSE,6,NA
M000644,M000645,1,FALSE,3,NA
M000689,M000690,1,FALSE,6,NA
M000658,M000659,1,FALSE,5,NA
M000658,M000660,1,FALSE,5,NA
M000659,M000660,2,FALSE,5,NA
M000724,M000725,1,FALSE,4,NA
M000724,M000726,1,FALSE,4,NA
M000725,M000726,1,FALSE,4,NA
M000392,M000899,4,TRUE,6,NA
M000392,M000900,4,TRUE,6,NA
M000899,M000900,1,FALSE,3,NA
M000894,M000895,2,FALSE,3,NA
M000603,M000604,1,FALSE,6,NA
M000603,M000605,1,FALSE,6,NA
M000604,M000605,1,FALSE,6,NA
M000840,M000841,1,FALSE,2,NA
M000481,M000647,2,FALSE,1,NA
M000481,M000685,2,FALSE,1,NA
M000481,M000684,2,FALSE,1,NA
M000647,M000685,3,FALSE,2,NA
M000647,M000684,3,FALSE,2,NA
M000856,M000857,1,FALSE,2,NA
M000106,M000733,2,FALSE,5,NA
M000757,M000758,2,FALSE,1,NA
M000026,M000759,2,FALSE,3,NA
M000617,M000672,2,FALSE,1,NA
M000617,M000671,2,FALSE,1,NA
M000672,M000671,3,FALSE,5,NA
M000643,M000757,2,FALSE,4,NA
M000643,M000756,2,FALSE,4,NA
M000757,M000756,2,FALSE,1,NA
M000694,M000842,5,TRUE,6,NA
M000092,M000774,2,FALSE,3,NA
M000092,M000775,2,FALSE,3,NA
M000774,M000775,2,FALSE,6,NA
M000763,M000764,2,FALSE,5,NA
M000673,M000674,1,FALSE,3,NA
M000673,M000675,1,FALSE,3,NA
M000674,M000675,1,FALSE,3,NA
M000293,M000671,2,FALSE,1,NA
M000297,M000683,2,FALSE,4,NA
M000297,M000684,2,FALSE,4,NA
M000683,M000684,1,FALSE,3,NA
M000776,M000777,1,FALSE,6,NA
M000477,M000762,2,FALSE,1,NA
M000421,M000661,3,FALSE,3,NA
M000760,M000761,1,FALSE,4,NA
M000765,M000766,1,FALSE,4,NA
M000264,M000421,3,FALSE,3,NA
M000264,M000672,3,FALSE,3,NA
M000264,M000671,3,FALSE,3,NA
M000421,M000672,3,FALSE,3,NA
M000421,M000671,3,FALSE,3,NA
M000600,M000667,2,FALSE,3,NA
M000600,M000666,2,FALSE,3,NA
M000838,M000839,1,FALSE,6,NA
M000669,M000670,1,FALSE,3,NA
M000767,M000768,1,FALSE,3,NA
M000709,M000710,2,FALSE,6,NA
M000705,M000711,3,FALSE,2,NA
M000705,M000710,3,FALSE,2,NA
M000711,M000710,2,FALSE,1,NA
M000225,M000300,2,FALSE,5,NA
M000225,M000662,2,FALSE,5,NA
M000300,M000662,4,FALSE,4,NA
M000731,M000732,1,FALSE,5,NA
M000769,M000770,2,FALSE,6,NA
M000452,M000780,2,FALSE,1,NA
M000452,M000781,2,FALSE,1,NA
M000780,M000781,1,FALSE,3,NA
M000461,M000722,3,FALSE,4,NA
M000829,M000830,1,FALSE,4,NA
M000829,M000831,1,FALSE,4,NA
M000830,M000831,2,FALSE,4,NA
M000720,M000721,1,FALSE,3,NA
M000886,M000887,1,FALSE,2,NA
M000676,M000677,2,FALSE,1,NA
M000854,M000855,3,TRUE,6,NA
M000465,M000836,2,FALSE,5,NA
M000474,M000678,3,FALSE,5,NA
M000474,M000677,3,FALSE,5,NA
M000691,M000692,1,FALSE,3,NA
M000691,M000693,1,FALSE,3,NA
M000692,M000693,3,FALSE,3,NA
M000685,M000686,3,FALSE,3,NA
M000876,M000877,1,FALSE,6,NA
M000876,M000878,1,FALSE,6,NA
M000877,M000878,1,FALSE,6,NA
M001209,M001210,1,FALSE,NA,NA
M000980,M001215,2,TRUE,2,2022/11/06 17:00:00+00
M000980,M001216,2,TRUE,2,2022/11/06 17:00:00+00
M001215,M001216,1,FALSE,5,NA
M000141,M001230,2,FALSE,6,NA
M001232,M001274,2,FALSE,6,NA
M001232,M001275,2,FALSE,6,NA
M001274,M001275,1,FALSE,6,NA
M001324,M001325,1,FALSE,1,NA
M000562,M001296,2,FALSE,1,NA
M001246,M001247,1,FALSE,5,NA
M001684,M001685,1,TRUE,NA,2022/06/15 23:00:00+00
M001685,M001684,1,TRUE,NA,2022/06/15 21:00:00+00
M000865,M001257,2,FALSE,2,NA
M001012,M001283,3,TRUE,3,NA
M001012,M001282,3,TRUE,3,NA
M001283,M001282,2,FALSE,1,NA
M001268,M001269,1,FALSE,1,NA
M000164,M001254,2,FALSE,6,NA
M000480,M001312,2,FALSE,6,NA
M001059,M001255,2,FALSE,3,NA
M001059,M001254,2,FALSE,3,NA
M001255,M001254,1,FALSE,2,NA
M000305,M001294,4,FALSE,4,NA
M000305,M001293,4,FALSE,4,NA
M001294,M001293,3,FALSE,2,NA
M001310,M001311,1,FALSE,5,NA
M000647,M001277,3,FALSE,2,NA
M000647,M001276,3,FALSE,2,NA
M001277,M001276,2,FALSE,3,NA
M000001,M001262,5,FALSE,3,NA
M000001,M001263,5,FALSE,3,NA
M001262,M001263,1,FALSE,2,NA
M000037,M001235,3,FALSE,6,NA
M001277,M001278,2,FALSE,3,NA
M001315,M001316,1,FALSE,5,NA
M001232,M001233,2,FALSE,6,NA
M000651,M001228,2,FALSE,3,NA
M000651,M001229,2,FALSE,3,NA
M001228,M001229,1,FALSE,5,NA
M001191,M001192,1,FALSE,5,NA
M001191,M001193,1,FALSE,5,NA
M001192,M001193,1,FALSE,5,NA
M001184,M001303,1,FALSE,6,NA
M001184,M001304,1,FALSE,6,NA
M001303,M001304,1,FALSE,6,NA
M001290,M001291,1,FALSE,1,NA
M001290,M001292,1,FALSE,1,NA
M001291,M001292,1,FALSE,1,NA
M000351,M001301,2,FALSE,2,NA
M000351,M001302,2,FALSE,2,NA
M001301,M001302,1,FALSE,5,NA
M001251,M001252,1,FALSE,3,NA
M001251,M001253,1,FALSE,3,NA
M001252,M001253,1,FALSE,3,NA
M001279,M001280,1,FALSE,2,NA
M000335,M001294,5,FALSE,3,NA
M000335,M001293,5,FALSE,3,NA
M000124,M001219,2,FALSE,6,NA
M000124,M001220,2,FALSE,6,NA
M001219,M001220,1,FALSE,3,NA
M001318,M001319,1,FALSE,1,NA
M001318,M001320,1,FALSE,1,NA
M001319,M001320,1,FALSE,1,NA
M001294,M001295,3,FALSE,2,NA
M001297,M001298,1,FALSE,6,NA
M001144,M001145,1,FALSE,6,NA
M001144,M001146,1,FALSE,6,NA
M001145,M001146,2,FALSE,6,NA
M001299,M001300,1,FALSE,2,NA
M000825,M001287,2,FALSE,3,NA
M000825,M001286,2,FALSE,3,NA
M001287,M001286,2,FALSE,5,NA
M001213,M001276,2,TRUE,2,2022/04/30 05:00:00+00
M000848,M001770,4,FALSE,2,NA
M001287,M001288,2,FALSE,5,NA
M001287,M001289,2,FALSE,5,NA
M001288,M001289,1,FALSE,2,NA
M001236,M001237,1,FALSE,2,NA
M001236,M001238,1,FALSE,2,NA
M001237,M001238,1,FALSE,2,NA
M001281,M001282,1,FALSE,3,NA
M001239,M001240,1,FALSE,4,NA
M001239,M001241,1,FALSE,4,NA
M001240,M001241,1,FALSE,4,NA
M000942,M001388,2,TRUE,3,2022/10/23 23:00:00+00
M000942,M001389,2,TRUE,3,2022/10/23 23:00:00+00
M001388,M001389,1,FALSE,1,NA
M001333,M001334,1,FALSE,1,NA
M001333,M001335,1,FALSE,1,NA
M001334,M001335,1,FALSE,1,NA
M001406,M001407,1,FALSE,3,NA
M001406,M001408,1,FALSE,3,NA
M001407,M001408,1,FALSE,3,NA
M001362,M001363,1,FALSE,5,NA
M000038,M001359,5,FALSE,6,NA
M001360,M001361,2,FALSE,1,NA
M000769,M001400,2,FALSE,6,NA
M000769,M001401,2,FALSE,6,NA
M001400,M001401,1,FALSE,1,NA
M001339,M001340,1,FALSE,1,NA
M001339,M001341,1,FALSE,1,NA
M001340,M001341,1,FALSE,1,NA
M000947,M001371,2,FALSE,6,NA
M000947,M001372,2,FALSE,6,NA
M001371,M001372,1,FALSE,1,NA
M001420,M001421,1,FALSE,NA,NA
M001420,M001422,1,FALSE,NA,NA
M001421,M001422,1,FALSE,NA,NA
M001428,M001429,1,FALSE,4,NA
M001230,M000962,2,FALSE,6,NA
M001230,M001395,2,FALSE,6,NA
M000962,M001395,1,FALSE,1,NA
M000474,M000184,3,FALSE,5,NA
M000474,M001752,3,FALSE,5,NA
M000474,M001751,3,FALSE,5,NA
M000184,M001752,3,FALSE,5,NA
M000184,M001751,3,FALSE,5,NA
M001752,M001751,3,FALSE,2,NA
M001327,M001328,1,FALSE,4,NA
M000329,M000938,4,TRUE,3,NA
M001411,M001412,1,FALSE,1,NA
M001411,M001413,1,FALSE,1,NA
M001412,M001413,1,FALSE,1,NA
M000920,M001380,1,FALSE,1,NA
M000920,M001379,1,FALSE,1,NA
M001380,M001379,3,TRUE,NA,NA
M001409,M001410,1,FALSE,2,NA
M000837,M001380,3,FALSE,4,NA
M000837,M001379,3,FALSE,4,NA
M000854,M001402,3,TRUE,6,NA
M001414,M001415,1,FALSE,3,NA
M001416,M001417,1,FALSE,NA,NA
M001416,M001418,1,FALSE,NA,NA
M001417,M001418,1,FALSE,NA,NA
M001424,M001425,1,FALSE,2,NA
M001424,M001426,1,FALSE,2,NA
M001425,M001426,1,FALSE,2,NA
M001374,M001375,1,FALSE,5,NA
M001201,M001364,2,FALSE,5,NA
M000555,M001396,2,FALSE,3,NA
M001704,M001705,1,FALSE,3,NA
M001704,M001706,1,FALSE,3,NA
M001705,M001706,1,FALSE,3,NA
M000700,M001357,2,FALSE,3,NA
M000700,M001358,2,FALSE,3,NA
M001357,M001358,1,FALSE,2,NA
M000111,M001402,3,FALSE,5,NA
M000111,M001401,3,FALSE,5,NA
M001402,M001401,2,FALSE,6,NA
M001383,M001384,1,FALSE,3,NA
M001306,M001392,2,TRUE,5,2022/07/01 03:00:00+00
M001306,M001391,2,TRUE,5,2022/07/01 03:00:00+00
M001392,M001391,3,TRUE,1,NA
M001352,M001353,1,FALSE,2,NA
M000131,M001355,3,FALSE,3,NA
M000131,M001354,3,FALSE,3,NA
M001355,M001354,3,TRUE,3,NA
M001331,M001332,1,FALSE,1,NA
M000932,M001350,2,TRUE,3,2022/10/20 06:00:00+00
M000932,M001351,2,TRUE,3,2022/10/20 06:00:00+00
M001350,M001351,1,FALSE,6,NA
M001177,M001338,2,FALSE,1,NA
M001392,M001393,3,TRUE,1,NA
M001392,M001394,3,TRUE,1,NA
M001393,M001394,1,FALSE,4,NA
M000537,M001360,3,FALSE,5,NA
M000537,M001359,3,FALSE,5,NA
M001360,M001359,2,FALSE,1,NA
M001376,M001377,1,FALSE,2,NA
M001376,M001378,1,FALSE,2,NA
M001377,M001378,1,FALSE,2,NA
M000659,M001459,2,FALSE,5,NA
M001446,M001447,1,FALSE,5,NA
M001118,M001119,1,FALSE,5,NA
M001118,M001120,1,FALSE,5,NA
M001119,M001120,1,FALSE,5,NA
M000595,M001455,2,TRUE,5,NA
M001455,M000595,2,TRUE,3,NA
M001451,M001452,1,FALSE,4,NA
M000305,M000692,4,FALSE,4,NA
M000305,M001465,4,FALSE,4,NA
M000305,M001464,4,FALSE,4,NA
M000692,M001465,3,FALSE,3,NA
M000692,M001464,3,FALSE,3,NA
M001465,M001464,2,FALSE,6,NA
M001441,M001442,1,FALSE,1,NA
M000810,M000099,2,FALSE,1,NA
M000810,M001471,2,FALSE,1,NA
M000099,M001471,3,FALSE,3,NA
M000862,M001766,2,FALSE,6,NA
M000098,M001752,2,FALSE,3,NA
M000098,M001751,2,FALSE,3,NA
M000570,M000880,3,TRUE,3,NA
M000570,M001462,3,TRUE,3,NA
M000570,M001461,3,TRUE,3,NA
M000880,M001462,2,FALSE,6,NA
M000880,M001461,2,FALSE,6,NA
M001462,M001461,2,TRUE,3,NA
M000088,M001461,2,FALSE,3,NA
M000198,M001440,5,FALSE,3,NA
M000425,M001158,2,FALSE,5,NA
M001475,M001476,1,FALSE,NA,NA
M001481,M001482,1,FALSE,4,NA
M000925,M001715,2,FALSE,4,NA
M000925,M001714,2,FALSE,4,NA
M001715,M001714,2,FALSE,1,NA
M001494,M001495,1,FALSE,2,NA
M001496,M001497,1,FALSE,1,NA
M001456,M001457,1,FALSE,6,NA
M001456,M001458,1,FALSE,6,NA
M001457,M001458,1,FALSE,6,NA
M001008,M001478,1,FALSE,2,NA
M001753,M001754,1,FALSE,1,NA
M001753,M001755,1,FALSE,1,NA
M001754,M001755,1,FALSE,1,NA
M001745,M001746,1,FALSE,NA,NA
M001491,M001492,1,FALSE,1,NA
M001491,M001493,1,FALSE,1,NA
M001492,M001493,1,FALSE,1,NA
M000823,M001469,2,FALSE,3,NA
M000823,M001470,2,FALSE,3,NA
M001469,M001470,2,FALSE,6,NA
M000023,M001479,4,FALSE,2,NA
M000023,M001478,4,FALSE,2,NA
M001479,M001478,1,FALSE,6,NA
M000497,M001472,2,FALSE,5,NA
M000497,M001471,2,FALSE,5,NA
M001472,M001471,3,TRUE,1,NA
M001484,M001485,1,FALSE,4,NA
M001438,M001439,1,FALSE,3,NA
M001379,M000676,4,TRUE,1,2022/06/04 02:00:00+00
M001379,M001448,4,TRUE,1,2022/06/04 02:00:00+00
M000676,M001448,2,FALSE,1,NA
M001155,M001156,1,FALSE,3,NA
M001486,M001487,1,FALSE,4,NA
M001486,M001488,1,FALSE,4,NA
M001487,M001488,1,FALSE,4,NA
M001729,M001730,1,FALSE,4,NA
M000018,M001467,3,FALSE,3,NA
M000018,M001468,3,FALSE,3,NA
M001467,M001468,1,FALSE,2,NA
M000902,M001434,2,FALSE,3,NA
M000902,M001435,2,FALSE,3,NA
M001434,M001435,1,FALSE,5,NA
M001499,M001500,1,FALSE,NA,NA
M001080,M001529,2,FALSE,5,NA
M001080,M001530,2,FALSE,5,NA
M001529,M001530,1,FALSE,NA,NA
M001204,M001205,1,FALSE,4,NA
M001551,M001552,1,FALSE,2,NA
M001558,M001559,1,FALSE,1,NA
M000246,M001549,2,FALSE,5,NA
M000246,M001548,2,FALSE,5,NA
M001549,M001548,3,FALSE,1,NA
M001560,M001561,1,FALSE,NA,NA
M001560,M001562,1,FALSE,NA,NA
M001561,M001562,1,FALSE,NA,NA
M000894,M001549,2,FALSE,3,NA
M000894,M001550,2,FALSE,3,NA
M001549,M001550,3,FALSE,1,NA
M001553,M001554,1,FALSE,4,NA
M000284,M001526,3,FALSE,6,NA
M000284,M001527,3,FALSE,6,NA
M001526,M001527,1,FALSE,4,NA
M000568,M001511,2,FALSE,3,NA
M000568,M001512,2,FALSE,3,NA
M001511,M001512,1,FALSE,1,NA
M001546,M001547,1,FALSE,2,NA
M000451,M001535,3,TRUE,6,NA
M000451,M001536,3,TRUE,6,NA
M001535,M001536,1,FALSE,2,NA
M001514,M001515,1,FALSE,5,NA
M001542,M001543,1,FALSE,3,NA
M001542,M001544,1,FALSE,3,NA
M001543,M001544,1,FALSE,3,NA
M000335,M001522,5,FALSE,3,NA
M000335,M001523,5,FALSE,3,NA
M001522,M001523,1,FALSE,2,NA
M001509,M001510,1,FALSE,6,NA
M001565,M001566,1,FALSE,1,NA
M001565,M001567,1,FALSE,1,NA
M001566,M001567,1,FALSE,1,NA
M000326,M001520,2,FALSE,3,NA
M000326,M001521,2,FALSE,3,NA
M001520,M001521,1,FALSE,4,NA
M001517,M001518,1,FALSE,5,NA
M000896,M001004,2,FALSE,3,NA
M000896,M000984,2,FALSE,3,NA
M000896,M001549,2,FALSE,3,NA
M000896,M001548,2,FALSE,3,NA
M001004,M000984,2,FALSE,6,NA
M001004,M001549,2,FALSE,6,NA
M001004,M001548,2,FALSE,6,NA
M000984,M001549,2,FALSE,4,NA
M000984,M001548,2,FALSE,4,NA
M000308,M001539,2,FALSE,6,NA
M000125,M001563,2,FALSE,3,NA
M000125,M001564,2,FALSE,3,NA
M001563,M001564,1,FALSE,2,NA
M001555,M001556,1,FALSE,5,NA
M001555,M001557,1,FALSE,5,NA
M001556,M001557,1,FALSE,5,NA
M000834,M001537,2,FALSE,4,NA
M000834,M001536,2,FALSE,4,NA
M001537,M001536,1,FALSE,3,NA
M001030,M001031,1,FALSE,4,NA
M001030,M001032,1,FALSE,4,NA
M001031,M001032,1,FALSE,4,NA
M000705,M000353,3,FALSE,2,NA
M000705,M001014,3,FALSE,2,NA
M000705,M001013,3,FALSE,2,NA
M000353,M001014,2,FALSE,3,NA
M000353,M001013,2,FALSE,3,NA
M001014,M001013,2,TRUE,4,NA
M001504,M001505,1,FALSE,3,NA
M001504,M001506,1,FALSE,3,NA
M001505,M001506,1,FALSE,3,NA
M001532,M001533,1,FALSE,3,NA
M000005,M001585,3,FALSE,4,NA
M001604,M001605,1,FALSE,3,NA
M001289,M001598,2,FALSE,2,NA
M001289,M001597,2,FALSE,2,NA
M001598,M001597,4,FALSE,6,NA
M001194,M001686,2,FALSE,3,NA
M001626,M001627,1,FALSE,6,NA
M001626,M001628,1,FALSE,6,NA
M001627,M001628,1,FALSE,6,NA
M000709,M001719,2,FALSE,6,NA
M000709,M001720,2,FALSE,6,NA
M001719,M001720,1,FALSE,6,NA
M000749,M001145,2,FALSE,1,NA
M000749,M001195,2,FALSE,1,NA
M001145,M001195,2,FALSE,6,NA
M001216,M001624,2,FALSE,5,NA
M001216,M001625,2,FALSE,5,NA
M001624,M001625,1,FALSE,4,NA
M000822,M000183,2,FALSE,3,NA
M000822,M000181,2,FALSE,3,NA
M000822,M001058,2,FALSE,3,NA
M000822,M001057,2,FALSE,3,NA
M000183,M000181,2,FALSE,5,NA
M000183,M001058,2,FALSE,5,NA
M000183,M001057,2,FALSE,5,NA
M000181,M001058,2,FALSE,3,NA
M000181,M001057,2,FALSE,3,NA
M001058,M001057,3,FALSE,6,NA
M000407,M001632,3,FALSE,5,NA
M000438,M001596,2,FALSE,5,NA
M000438,M001597,2,FALSE,5,NA
M001596,M001597,1,FALSE,6,NA
M001264,M000282,2,FALSE,1,NA
M001264,M001716,2,FALSE,1,NA
M000282,M001716,2,FALSE,5,NA
M001606,M001607,1,FALSE,2,NA
M001025,M001026,1,FALSE,1,NA
M000934,M001598,1,FALSE,6,NA
M000934,M001597,1,FALSE,6,NA
M000007,M001608,3,FALSE,1,NA
M001579,M001580,2,FALSE,2,NA
M001617,M001618,1,FALSE,3,NA
M001617,M001619,1,FALSE,3,NA
M001618,M001619,1,FALSE,3,NA
M001581,M001582,1,FALSE,4,NA
M001581,M001583,1,FALSE,4,NA
M001582,M001583,1,FALSE,4,NA
M000268,M000944,4,FALSE,6,NA
M000268,M001579,4,FALSE,6,NA
M000268,M001578,4,FALSE,6,NA
M000944,M001579,2,FALSE,6,NA
M000944,M001578,2,FALSE,6,NA
M001579,M001578,2,FALSE,2,NA
M001614,M001615,1,FALSE,5,NA
M000136,M001082,2,FALSE,1,NA
M000136,M001083,2,FALSE,1,NA
M001082,M001083,1,FALSE,NA,NA
M000923,M000924,1,FALSE,4,NA
M000923,M000925,1,FALSE,4,NA
M000924,M000925,1,FALSE,4,NA
M001620,M001621,1,FALSE,1,NA
M001586,M001587,1,FALSE,3,NA
M001586,M001588,1,FALSE,3,NA
M001587,M001588,1,FALSE,3,NA
M000222,M000053,4,FALSE,6,NA
M000222,M001633,4,FALSE,6,NA
M000053,M001633,3,FALSE,1,NA
M000848,M000976,4,FALSE,2,NA
M000848,M000977,4,FALSE,2,NA
M000976,M000977,1,FALSE,5,NA
M001682,M001683,1,FALSE,NA,NA
M001683,M001682,1,FALSE,NA,NA
M001574,M001575,1,FALSE,4,NA
M001469,M001599,2,FALSE,6,NA
M001469,M001598,2,FALSE,6,NA
M001599,M001598,2,TRUE,6,NA
M001609,M001610,1,FALSE,1,NA
M000733,M001622,2,FALSE,1,NA
M000733,M001623,2,FALSE,1,NA
M001622,M001623,1,FALSE,5,NA
M000639,M001611,2,FALSE,3,NA
M001717,M000910,1,TRUE,NA,2022/09/28 21:00:00+00
M000910,M001717,3,TRUE,2,NA
M001589,M001590,1,FALSE,1,NA
M001646,M001647,1,FALSE,3,NA
M000957,M001220,1,FALSE,6,NA
M000957,M001642,1,FALSE,6,NA
M001220,M001642,2,FALSE,3,NA
M001655,M001656,1,FALSE,3,NA
M001649,M001650,1,FALSE,5,NA
M001649,M001651,1,FALSE,5,NA
M001650,M001651,1,FALSE,5,NA
M001734,M001735,1,FALSE,3,NA
M001637,M001638,2,FALSE,NA,NA
M001199,M001200,1,FALSE,4,NA
M000352,M001670,3,FALSE,2,NA
M000950,M000951,1,FALSE,2,NA
M001671,M001672,1,FALSE,5,NA
M001671,M001673,1,FALSE,5,NA
M001672,M001673,1,FALSE,5,NA
M001659,M001660,1,FALSE,4,NA
M001659,M001661,1,FALSE,4,NA
M001660,M001661,1,FALSE,4,NA
M000947,M000948,2,FALSE,6,NA
M000732,M001430,2,TRUE,5,NA
M001653,M001654,1,FALSE,2,NA
M001074,M001075,1,FALSE,1,NA
M001074,M001076,1,FALSE,1,NA
M001075,M001076,1,FALSE,1,NA
M000952,M000953,1,FALSE,2,NA
M000944,M000945,2,FALSE,6,NA
M000944,M000946,2,FALSE,6,NA
M000945,M000946,1,FALSE,6,NA
M000694,M000960,5,TRUE,6,NA
M001635,M001636,1,FALSE,1,NA
M001055,M001057,1,TRUE,6,2022/10/17 01:00:00+00
M001748,M001749,1,FALSE,1,NA
M001748,M001750,1,FALSE,1,NA
M001749,M001750,1,FALSE,1,NA
M000933,M000932,1,TRUE,3,2022/10/20 01:00:00+00
M000932,M000933,2,TRUE,3,2022/10/20 06:00:00+00
M001641,M000143,2,TRUE,5,2022/10/02 19:00:00+00
M001641,M001662,2,TRUE,5,2022/10/02 19:00:00+00
M001641,M001661,2,TRUE,5,2022/10/02 19:00:00+00
M000143,M001662,2,FALSE,3,NA
M000143,M001661,2,FALSE,3,NA
M001662,M001661,2,FALSE,3,NA
M000763,M001035,2,FALSE,5,NA
M000763,M001036,2,FALSE,5,NA
M001035,M001036,1,FALSE,6,NA
M001069,M001637,2,FALSE,4,NA
M001069,M001636,2,FALSE,4,NA
M001637,M001636,2,FALSE,NA,NA
M001662,M001663,2,FALSE,3,NA
M001662,M001664,2,FALSE,3,NA
M001663,M001664,1,FALSE,6,NA
M000047,M001644,3,FALSE,1,NA
M000047,M001645,3,FALSE,1,NA
M001644,M001645,1,FALSE,2,NA
M001674,M001675,1,FALSE,1,NA
M000906,M000522,2,FALSE,2,NA
M000906,M001714,2,FALSE,2,NA
M000522,M001714,2,FALSE,5,NA
M001059,M001060,2,FALSE,3,NA
M001059,M001061,2,FALSE,3,NA
M001060,M001061,1,FALSE,3,NA
M000722,M001197,2,FALSE,3,NA
M000722,M001198,2,FALSE,3,NA
M001197,M001198,1,FALSE,1,NA
M001369,M001648,2,FALSE,1,NA
M000954,M000955,2,FALSE,6,NA
M000954,M000956,2,FALSE,6,NA
M000955,M000956,1,FALSE,6,NA
M001693,M001694,1,FALSE,6,NA
M001571,M001572,1,FALSE,5,NA
M001571,M001573,1,FALSE,5,NA
M001572,M001573,1,FALSE,5,NA
M000971,M000972,1,FALSE,1,NA
M000971,M000973,1,FALSE,1,NA
M000972,M000973,1,FALSE,1,NA
M001708,M001709,1,FALSE,1,NA
M000140,M001078,3,FALSE,5,NA
M000140,M001079,3,FALSE,5,NA
M001078,M001079,1,FALSE,3,NA
M000963,M000964,1,FALSE,5,NA
M000958,M000974,2,TRUE,4,2022/10/22 06:00:00+00
M000965,M000966,1,FALSE,5,NA
M000965,M000967,1,FALSE,5,NA
M000966,M000967,1,FALSE,5,NA
M000596,M000969,2,FALSE,5,NA
M000596,M000970,2,FALSE,5,NA
M000969,M000970,1,FALSE,6,NA
M000309,M001068,2,FALSE,6,NA
M000627,M000850,2,FALSE,6,NA
M000627,M000913,2,FALSE,6,NA
M000627,M000912,2,FALSE,6,NA
M000850,M000913,1,FALSE,5,NA
M000850,M000912,1,FALSE,5,NA
M000913,M000912,1,FALSE,5,NA
M000594,M001050,2,FALSE,5,NA
M000594,M001051,2,FALSE,5,NA
M001050,M001051,1,FALSE,3,NA
M001080,M001081,2,FALSE,5,NA
M000983,M000984,1,FALSE,4,NA
M000983,M000985,1,FALSE,4,NA
M000984,M000985,2,FALSE,4,NA
M001679,M001680,1,FALSE,1,NA
M001679,M001681,1,FALSE,1,NA
M001680,M001681,1,FALSE,1,NA
M000265,M000956,2,FALSE,2,NA
M000265,M001053,2,FALSE,2,NA
M000956,M001053,2,FALSE,6,NA
M001037,M001038,1,FALSE,5,NA
M001697,M001698,1,FALSE,3,NA
M000396,M001017,2,FALSE,1,NA
M000988,M000989,1,FALSE,1,NA
M000988,M000990,1,FALSE,1,NA
M000989,M000990,1,FALSE,1,NA
M000241,M001015,2,FALSE,5,NA
M000864,M000865,1,FALSE,2,NA
M000864,M000866,1,FALSE,2,NA
M000865,M000866,2,FALSE,2,NA
M001011,M001012,1,FALSE,3,NA
M001011,M001013,1,FALSE,3,NA
M001012,M001013,3,TRUE,3,NA
M000229,M001052,2,FALSE,1,NA
M001033,M001034,1,FALSE,2,NA
M000426,M000968,2,FALSE,4,NA
M000146,M001010,2,FALSE,4,NA
M000954,M001022,2,FALSE,6,NA
M000954,M001023,2,FALSE,6,NA
M001022,M001023,1,FALSE,6,NA
M001001,M001002,1,FALSE,3,NA
M001148,M001149,1,FALSE,5,NA
M001148,M001150,1,FALSE,5,NA
M001149,M001150,1,FALSE,5,NA
M001058,M001092,3,FALSE,6,NA
M001165,M001166,1,FALSE,6,NA
M001159,M001160,1,FALSE,5,NA
M001159,M001161,1,FALSE,5,NA
M001160,M001161,1,FALSE,5,NA
M000625,M001114,2,FALSE,6,NA
M000625,M001115,2,FALSE,6,NA
M001114,M001115,1,FALSE,5,NA
M000843,M001163,2,FALSE,3,NA
M000463,M001086,3,FALSE,5,NA
M000463,M001087,3,FALSE,5,NA
M001086,M001087,1,FALSE,4,NA
M000756,M001123,3,FALSE,6,NA
M000756,M001122,3,FALSE,6,NA
M001123,M001122,2,TRUE,2,NA
M000909,M001105,2,TRUE,3,2022/08/05 01:00:00+00
M000909,M001104,2,TRUE,3,2022/08/05 01:00:00+00
M001105,M001104,2,FALSE,6,NA
M001141,M001142,2,FALSE,3,NA
M001141,M001143,2,FALSE,3,NA
M001142,M001143,1,FALSE,3,NA
M001094,M001095,3,TRUE,NA,NA
M001139,M001140,1,FALSE,3,NA
M000209,M001138,2,FALSE,1,NA
M000236,M001105,3,FALSE,3,NA
M001168,M001169,1,FALSE,3,NA
M000812,M001174,2,FALSE,5,NA
M000828,M001094,2,FALSE,6,NA
M000828,M001093,2,FALSE,6,NA
M001094,M001093,3,TRUE,NA,NA
M001131,M001132,1,FALSE,NA,NA
M000837,M000407,3,FALSE,4,NA
M000837,M001147,3,FALSE,4,NA
M000407,M001147,3,FALSE,5,NA
M000986,M001088,2,FALSE,3,NA
M001091,M001090,1,TRUE,4,2022/12/19 01:00:00+00
M001176,M001177,1,FALSE,1,NA
M001099,M001100,1,FALSE,1,NA
M001099,M001101,1,FALSE,1,NA
M001100,M001101,1,FALSE,1,NA
M000762,M001084,2,FALSE,4,NA
M000762,M001083,2,FALSE,4,NA
M001084,M001083,2,FALSE,1,NA
M001127,M001128,1,FALSE,2,NA
M001134,M001135,1,FALSE,3,NA
M001153,M001154,1,FALSE,6,NA
M000585,M000206,2,FALSE,6,NA
M000585,M001141,2,FALSE,6,NA
M000585,M001140,2,FALSE,6,NA
M000206,M001141,2,FALSE,1,NA
M000206,M001140,2,FALSE,1,NA
M001141,M001140,2,FALSE,3,NA
M000221,M001171,2,FALSE,6,NA
M000221,M001172,2,FALSE,6,NA
M001171,M001172,1,FALSE,5,NA
M001103,M001104,1,FALSE,3,NA
M001106,M001107,1,FALSE,6,NA
M001106,M001108,1,FALSE,6,NA
M001107,M001108,1,FALSE,6,NA
M001151,M001152,1,FALSE,1,NA
M001534,M001678,3,TRUE,1,NA
M001569,M001570,1,FALSE,4,NA
M000137,M000420,2,FALSE,1,NA
M000137,M001752,2,FALSE,1,NA
M000420,M001752,2,FALSE,3,NA
M000006,NA,2,FALSE,4,NA
M000009,NA,1,FALSE,5,NA
M000014,NA,1,FALSE,6,NA
M000016,NA,1,FALSE,3,NA
M000017,NA,1,FALSE,2,NA
M000024,NA,1,FALSE,2,NA
M000027,NA,1,FALSE,3,NA
M000035,NA,1,FALSE,5,NA
M000043,NA,1,FALSE,2,NA
M000057,NA,1,FALSE,3,NA
M000062,NA,1,FALSE,2,NA
M000065,NA,1,FALSE,1,NA
M000066,NA,1,FALSE,3,NA
M000070,NA,1,FALSE,5,NA
M000074,NA,1,FALSE,1,NA
M000076,NA,1,FALSE,1,NA
M000077,NA,1,FALSE,3,NA
M000079,NA,1,FALSE,2,NA
M000080,NA,1,FALSE,6,NA
M000093,NA,1,FALSE,3,NA
M000097,NA,1,FALSE,2,NA
M000100,NA,1,FALSE,3,NA
M000102,NA,1,FALSE,1,NA
M000103,NA,1,FALSE,6,NA
M000108,NA,1,FALSE,1,NA
M000109,NA,1,FALSE,5,NA
M000112,NA,1,FALSE,5,NA
M000113,NA,1,FALSE,5,NA
M000114,NA,1,FALSE,6,NA
M000115,NA,1,FALSE,5,NA
M000116,NA,2,FALSE,3,NA
M000121,NA,1,FALSE,6,NA
M000122,NA,1,FALSE,6,NA
M000130,NA,1,FALSE,5,NA
M000134,NA,1,FALSE,3,NA
M000142,NA,1,FALSE,6,NA
M000145,NA,1,FALSE,3,NA
M000147,NA,1,FALSE,4,NA
M000150,NA,1,FALSE,6,NA
M000152,NA,1,FALSE,1,NA
M000154,NA,1,FALSE,5,NA
M000157,NA,1,FALSE,4,NA
M000161,NA,1,FALSE,1,NA
M000165,NA,2,FALSE,6,NA
M000169,NA,1,FALSE,5,NA
M000174,NA,1,FALSE,6,NA
M000176,NA,1,FALSE,1,NA
M000178,NA,1,FALSE,1,NA
M000186,NA,1,FALSE,1,NA
M000187,NA,1,FALSE,5,NA
M000188,NA,1,FALSE,5,NA
M000193,NA,1,FALSE,5,NA
M000196,NA,2,FALSE,5,NA
M000202,NA,1,FALSE,2,NA
M000203,NA,1,FALSE,1,NA
M000207,NA,1,FALSE,5,NA
M000208,NA,1,FALSE,5,NA
M000210,NA,1,FALSE,4,NA
M000212,NA,1,FALSE,5,NA
M000216,NA,1,FALSE,5,NA
M000218,NA,1,FALSE,4,NA
M000220,NA,1,FALSE,6,NA
M000224,NA,1,FALSE,4,NA
M000226,NA,1,FALSE,5,NA
M000228,NA,1,FALSE,5,NA
M000230,NA,1,FALSE,5,NA
M000235,NA,1,FALSE,3,NA
M000237,NA,1,FALSE,3,NA
M000244,NA,2,FALSE,5,NA
M000249,NA,1,FALSE,1,NA
M000250,NA,1,FALSE,5,NA
M000252,NA,1,FALSE,5,NA
M000253,NA,1,FALSE,3,NA
M000256,NA,1,FALSE,1,NA
M000259,NA,1,FALSE,4,NA
M000261,NA,1,FALSE,4,NA
M000267,NA,1,FALSE,3,NA
M000269,NA,1,FALSE,6,NA
M000271,NA,1,FALSE,5,NA
M000272,NA,1,FALSE,2,NA
M000274,NA,1,FALSE,4,NA
M000275,NA,1,FALSE,5,NA
M000280,NA,1,FALSE,5,NA
M000281,NA,1,FALSE,5,NA
M000283,NA,1,FALSE,5,NA
M000285,NA,1,FALSE,6,NA
M000288,NA,1,FALSE,4,NA
M000291,NA,1,FALSE,1,NA
M000294,NA,1,FALSE,1,NA
M000295,NA,1,FALSE,1,NA
M000301,NA,2,FALSE,3,NA
M000307,NA,1,FALSE,6,NA
M000312,NA,1,FALSE,1,NA
M000313,NA,1,FALSE,3,NA
M000317,NA,1,FALSE,3,NA
M000319,NA,1,FALSE,5,NA
M000323,NA,1,FALSE,5,NA
M000325,NA,1,FALSE,3,NA
M000328,NA,1,FALSE,3,NA
M000331,NA,2,FALSE,3,NA
M000334,NA,2,FALSE,4,NA
M000336,NA,1,FALSE,5,NA
M000337,NA,1,FALSE,5,NA
M000339,NA,1,FALSE,4,NA
M000342,NA,1,FALSE,1,NA
M000343,NA,1,FALSE,1,NA
M000344,NA,1,FALSE,5,NA
M000345,NA,1,FALSE,6,NA
M000347,NA,1,FALSE,5,NA
M000349,NA,1,FALSE,5,NA
M000350,NA,1,FALSE,1,NA
M000355,NA,1,FALSE,6,NA
M000356,NA,1,FALSE,5,NA
M000357,NA,1,FALSE,5,NA
M000359,NA,1,FALSE,3,NA
M000361,NA,1,FALSE,5,NA
M000362,NA,1,FALSE,6,NA
M000367,NA,1,FALSE,3,NA
M000372,NA,1,FALSE,6,NA
M000373,NA,1,FALSE,1,NA
M000374,NA,1,FALSE,2,NA
M000376,NA,1,FALSE,6,NA
M000378,NA,1,FALSE,5,NA
M000380,NA,1,FALSE,6,NA
M000383,NA,1,FALSE,4,NA
M000384,NA,1,FALSE,3,NA
M000385,NA,1,FALSE,4,NA
M000388,NA,1,FALSE,3,NA
M000391,NA,2,FALSE,3,NA
M000394,NA,1,FALSE,4,NA
M000398,NA,2,FALSE,2,NA
M000402,NA,1,FALSE,3,NA
M000403,NA,1,FALSE,3,NA
M000404,NA,2,FALSE,6,NA
M000406,NA,1,FALSE,5,NA
M000408,NA,1,FALSE,5,NA
M000409,NA,2,FALSE,5,NA
M000413,NA,1,FALSE,3,NA
M000417,NA,1,FALSE,3,NA
M000418,NA,1,FALSE,6,NA
M000423,NA,2,FALSE,1,NA
M000427,NA,1,FALSE,4,NA
M000428,NA,1,FALSE,1,NA
M000430,NA,1,FALSE,3,NA
M000435,NA,1,FALSE,6,NA
M000437,NA,1,FALSE,3,NA
M000439,NA,1,FALSE,1,NA
M000441,NA,1,FALSE,1,NA
M000444,NA,1,FALSE,4,NA
M000446,NA,1,FALSE,5,NA
M000449,NA,1,FALSE,4,NA
M000453,NA,1,FALSE,1,NA
M000454,NA,1,FALSE,5,NA
M000456,NA,1,FALSE,3,NA
M000459,NA,1,FALSE,5,NA
M000462,NA,2,FALSE,3,NA
M000464,NA,1,FALSE,3,NA
M000467,NA,1,FALSE,1,NA
M000469,NA,1,FALSE,1,NA
M000470,NA,1,FALSE,2,NA
M000472,NA,1,FALSE,5,NA
M000473,NA,1,FALSE,1,NA
M000476,NA,1,FALSE,1,NA
M000479,NA,1,FALSE,1,NA
M000482,NA,1,FALSE,1,NA
M000484,NA,1,FALSE,2,NA
M000486,NA,1,FALSE,6,NA
M000487,NA,1,FALSE,5,NA
M000489,NA,1,FALSE,1,NA
M000490,NA,1,FALSE,6,NA
M000492,NA,1,FALSE,3,NA
M000493,NA,1,FALSE,3,NA
M000495,NA,1,FALSE,6,NA
M000496,NA,1,FALSE,5,NA
M000499,NA,1,FALSE,6,NA
M000501,NA,1,FALSE,2,NA
M000506,NA,1,FALSE,6,NA
M000507,NA,1,FALSE,3,NA
M000510,NA,1,FALSE,3,NA
M000512,NA,1,FALSE,4,NA
M000514,NA,1,FALSE,6,NA
M000515,NA,1,FALSE,3,NA
M000517,NA,1,FALSE,3,NA
M000519,NA,1,FALSE,4,NA
M000520,NA,1,FALSE,6,NA
M000521,NA,1,FALSE,5,NA
M000523,NA,1,FALSE,5,NA
M000525,NA,1,FALSE,3,NA
M000526,NA,1,FALSE,2,NA
M000527,NA,2,FALSE,6,NA
M000530,NA,1,FALSE,6,NA
M000532,NA,1,FALSE,1,NA
M000533,NA,1,FALSE,6,NA
M000535,NA,1,FALSE,5,NA
M000538,NA,1,FALSE,5,NA
M000544,NA,1,FALSE,2,NA
M000546,NA,1,FALSE,6,NA
M000548,NA,1,FALSE,2,NA
M000549,NA,1,FALSE,5,NA
M000550,NA,1,FALSE,4,NA
M000551,NA,1,FALSE,2,NA
M000554,NA,1,FALSE,1,NA
M000556,NA,1,FALSE,2,NA
M000559,NA,1,FALSE,1,NA
M000561,NA,1,FALSE,1,NA
M000564,NA,1,FALSE,1,NA
M000571,NA,1,FALSE,5,NA
M000573,NA,1,FALSE,6,NA
M000575,NA,1,FALSE,3,NA
M000576,NA,1,FALSE,4,NA
M000577,NA,1,FALSE,4,NA
M000580,NA,1,FALSE,6,NA
M000582,NA,1,FALSE,6,NA
M000583,NA,1,FALSE,6,NA
M000584,NA,1,FALSE,2,NA
M000587,NA,1,FALSE,6,NA
M000588,NA,1,FALSE,5,NA
M000589,NA,1,FALSE,6,NA
M000590,NA,1,FALSE,6,NA
M000591,NA,1,FALSE,4,NA
M000593,NA,1,FALSE,3,NA
M000597,NA,1,FALSE,5,NA
M000598,NA,1,FALSE,6,NA
M000601,NA,1,FALSE,3,NA
M000602,NA,1,FALSE,5,NA
M000605,NA,1,FALSE,6,NA
M000608,NA,1,FALSE,5,NA
M000609,NA,1,FALSE,2,NA
M000612,NA,1,FALSE,3,NA
M000614,NA,1,FALSE,5,NA
M000615,NA,1,FALSE,5,NA
M000619,NA,1,FALSE,1,NA
M000621,NA,1,FALSE,6,NA
M000622,NA,1,FALSE,4,NA
M000628,NA,1,FALSE,6,NA
M000629,NA,1,FALSE,5,NA
M000632,NA,1,FALSE,5,NA
M000633,NA,1,FALSE,6,NA
M000637,NA,1,FALSE,1,NA
M000638,NA,1,FALSE,6,NA
M000641,NA,1,FALSE,3,NA
M000642,NA,1,FALSE,5,NA
M000645,NA,1,FALSE,3,NA
M000648,NA,1,FALSE,5,NA
M000649,NA,1,FALSE,5,NA
M000652,NA,1,FALSE,3,NA
M000654,NA,1,FALSE,1,NA
M000655,NA,1,FALSE,5,NA
M000657,NA,1,FALSE,5,NA
M000660,NA,1,FALSE,5,NA
M000661,NA,1,FALSE,1,NA
M000662,NA,1,FALSE,5,NA
M000664,NA,1,FALSE,2,NA
M000665,NA,1,FALSE,3,NA
M000666,NA,4,TRUE,3,NA
M000668,NA,1,FALSE,4,NA
M000670,NA,1,FALSE,3,NA
M000671,NA,3,FALSE,3,NA
M000675,NA,1,FALSE,3,NA
M000677,NA,3,FALSE,1,NA
M000681,NA,1,FALSE,4,NA
M000684,NA,3,FALSE,3,NA
M000686,NA,1,FALSE,3,NA
M000687,NA,1,FALSE,4,NA
M000688,NA,1,FALSE,5,NA
M000690,NA,1,FALSE,6,NA
M000693,NA,1,FALSE,3,NA
M000697,NA,2,TRUE,2,NA
M000699,NA,1,FALSE,NA,NA
M000701,NA,1,FALSE,5,NA
M000704,NA,1,FALSE,2,NA
M000706,NA,1,FALSE,2,NA
M000708,NA,1,FALSE,3,NA
M000710,NA,2,FALSE,6,NA
M000713,NA,1,FALSE,3,NA
M000714,NA,1,FALSE,6,NA
M000715,NA,1,FALSE,NA,NA
M000716,NA,1,FALSE,6,NA
M000718,NA,1,FALSE,4,NA
M000719,NA,1,FALSE,4,NA
M000721,NA,1,FALSE,3,NA
M000723,NA,1,FALSE,4,NA
M000726,NA,1,FALSE,4,NA
M000727,NA,1,FALSE,2,NA
M000729,NA,1,FALSE,5,NA
M000730,NA,1,FALSE,5,NA
M000734,NA,1,FALSE,3,NA
M000735,NA,1,FALSE,4,NA
M000737,NA,1,FALSE,3,NA
M000739,NA,1,FALSE,2,NA
M000741,NA,1,FALSE,6,NA
M000743,NA,1,FALSE,1,NA
M000744,NA,1,FALSE,4,NA
M000747,NA,1,FALSE,3,NA
M000751,NA,1,FALSE,1,NA
M000752,NA,1,FALSE,3,NA
M000753,NA,1,FALSE,2,NA
M000754,NA,1,FALSE,5,NA
M000755,NA,1,FALSE,3,NA
M000758,NA,1,FALSE,3,NA
M000759,NA,1,FALSE,5,NA
M000761,NA,1,FALSE,4,NA
M000764,NA,1,FALSE,5,NA
M000766,NA,1,FALSE,4,NA
M000768,NA,1,FALSE,3,NA
M000773,NA,1,FALSE,3,NA
M000775,NA,1,FALSE,6,NA
M000777,NA,1,FALSE,6,NA
M000779,NA,1,FALSE,2,NA
M000781,NA,1,FALSE,3,NA
M000782,NA,1,FALSE,2,NA
M000783,NA,1,FALSE,2,NA
M000784,NA,2,FALSE,1,NA
M000786,NA,1,FALSE,2,NA
M000787,NA,1,FALSE,1,NA
M000788,NA,1,FALSE,1,NA
M000789,NA,1,FALSE,6,NA
M000791,NA,1,FALSE,5,NA
M000792,NA,2,FALSE,3,NA
M000795,NA,1,FALSE,NA,NA
M000797,NA,1,FALSE,5,NA
M000800,NA,1,FALSE,1,NA
M000801,NA,1,FALSE,2,NA
M000804,NA,1,FALSE,6,NA
M000806,NA,1,FALSE,5,NA
M000809,NA,1,FALSE,3,NA
M000811,NA,1,FALSE,1,NA
M000815,NA,1,FALSE,5,NA
M000818,NA,1,FALSE,3,NA
M000821,NA,1,FALSE,5,NA
M000826,NA,1,FALSE,3,NA
M000831,NA,1,FALSE,4,NA
M000832,NA,1,FALSE,3,NA
M000835,NA,1,FALSE,3,NA
M000836,NA,1,FALSE,1,NA
M000839,NA,1,FALSE,6,NA
M000841,NA,1,FALSE,2,NA
M000842,NA,1,FALSE,1,NA
M000845,NA,2,TRUE,1,NA
M000846,NA,1,FALSE,1,NA
M000847,NA,1,FALSE,5,NA
M000853,NA,1,FALSE,4,NA
M000855,NA,1,FALSE,6,NA
M000857,NA,1,FALSE,2,NA
M000860,NA,1,FALSE,1,NA
M000861,NA,1,FALSE,1,NA
M000863,NA,1,FALSE,6,NA
M000866,NA,1,FALSE,2,NA
M000867,NA,1,FALSE,6,NA
M000870,NA,1,FALSE,2,NA
M000872,NA,1,FALSE,5,NA
M000873,NA,1,FALSE,4,NA
M000875,NA,1,FALSE,3,NA
M000878,NA,1,FALSE,6,NA
M000881,NA,1,FALSE,6,NA
M000882,NA,1,FALSE,3,NA
M000885,NA,2,TRUE,1,NA
M000887,NA,1,FALSE,2,NA
M000889,NA,1,FALSE,1,NA
M000890,NA,1,FALSE,1,NA
M000891,NA,1,FALSE,3,NA
M000893,NA,1,FALSE,2,NA
M000895,NA,1,FALSE,3,NA
M000898,NA,1,FALSE,3,NA
M000900,NA,3,FALSE,3,NA
M000903,NA,1,FALSE,3,NA
M000904,NA,1,FALSE,4,NA
M000908,NA,1,FALSE,4,NA
M000912,NA,2,FALSE,2,NA
M000915,NA,1,TRUE,1,2022/09/28 05:00:00+00
M000916,NA,1,TRUE,1,2022/09/28 07:00:00+00
M000918,NA,1,TRUE,3,2022/06/11 14:00:00+00
M000919,NA,1,TRUE,1,2022/10/10 08:00:00+00
M000921,NA,1,FALSE,2,NA
M000922,NA,1,FALSE,4,NA
M000926,NA,1,FALSE,1,NA
M000928,NA,1,TRUE,5,2022/11/04 22:00:00+00
M000931,NA,1,TRUE,4,2022/08/08 05:00:00+00
M000936,NA,1,TRUE,4,2022/08/22 04:00:00+00
M000938,NA,1,FALSE,5,NA
M000940,NA,1,TRUE,3,2022/10/09 21:00:00+00
M000946,NA,1,FALSE,6,NA
M000948,NA,1,FALSE,6,NA
M000951,NA,1,FALSE,2,NA
M000953,NA,1,FALSE,2,NA
M000960,NA,1,FALSE,4,NA
M000961,NA,1,TRUE,4,2022/11/17 20:00:00+00
M000964,NA,1,FALSE,5,NA
M000967,NA,1,FALSE,5,NA
M000968,NA,1,FALSE,3,NA
M000970,NA,1,FALSE,6,NA
M000973,NA,1,FALSE,1,NA
M000974,NA,2,TRUE,6,NA
M000975,NA,1,TRUE,4,2022/11/12 20:00:00+00
M000977,NA,1,FALSE,5,NA
M000978,NA,1,TRUE,2,2022/12/03 16:00:00+00
M000981,NA,1,FALSE,3,NA
M000982,NA,1,FALSE,1,NA
M000985,NA,1,FALSE,4,NA
M000987,NA,1,FALSE,3,NA
M000990,NA,1,FALSE,1,NA
M000991,NA,1,FALSE,3,NA
M000993,NA,1,TRUE,4,2022/11/30 12:00:00+00
M000997,NA,1,TRUE,3,2022/11/04 09:00:00+00
M001000,NA,1,TRUE,3,2022/11/18 02:00:00+00
M001002,NA,1,FALSE,3,NA
M001003,NA,1,FALSE,2,NA
M001006,NA,1,TRUE,3,2022/11/02 23:00:00+00
M001007,NA,1,TRUE,1,2022/11/23 21:00:00+00
M001010,NA,1,FALSE,5,NA
M001013,NA,2,FALSE,3,NA
M001015,NA,1,FALSE,5,NA
M001016,NA,1,FALSE,5,NA
M001017,NA,1,FALSE,4,NA
M001018,NA,1,TRUE,6,2022/11/01 10:00:00+00
M001019,NA,1,TRUE,5,2022/11/30 23:00:00+00
M001023,NA,1,FALSE,6,NA
M001024,NA,1,FALSE,1,NA
M001026,NA,1,FALSE,1,NA
M001027,NA,1,FALSE,5,NA
M001028,NA,1,FALSE,5,NA
M001029,NA,1,TRUE,1,2022/11/02 08:00:00+00
M001032,NA,1,FALSE,4,NA
M001034,NA,1,FALSE,2,NA
M001036,NA,1,FALSE,6,NA
M001038,NA,1,FALSE,5,NA
M001039,NA,1,TRUE,1,2022/11/04 05:00:00+00
M001041,NA,1,TRUE,2,2022/10/10 20:00:00+00
M001043,NA,1,TRUE,1,2022/11/18 00:00:00+00
M001044,NA,1,FALSE,5,NA
M001047,NA,1,TRUE,5,2022/11/12 01:00:00+00
M001048,NA,1,FALSE,5,NA
M001049,NA,1,FALSE,4,NA
M001051,NA,1,FALSE,3,NA
M001052,NA,1,FALSE,5,NA
M001053,NA,1,FALSE,1,NA
M001054,NA,1,FALSE,5,NA
M001057,NA,2,TRUE,6,2022/10/17 01:00:00+00
M001061,NA,1,FALSE,3,NA
M001064,NA,1,TRUE,2,2022/08/17 06:00:00+00
M001067,NA,1,TRUE,3,2022/11/19 23:00:00+00
M001068,NA,1,FALSE,6,NA
M001070,NA,1,FALSE,6,NA
M001072,NA,1,TRUE,4,2022/10/21 13:00:00+00
M001076,NA,1,FALSE,1,NA
M001079,NA,1,FALSE,3,NA
M001081,NA,1,FALSE,5,NA
M001083,NA,2,FALSE,NA,NA
M001085,NA,1,FALSE,2,NA
M001087,NA,1,FALSE,4,NA
M001088,NA,1,FALSE,1,NA
M001090,NA,1,TRUE,4,2022/12/19 01:00:00+00
M001092,NA,1,FALSE,1,NA
M001093,NA,2,FALSE,4,NA
M001095,NA,1,FALSE,4,NA
M001096,NA,1,TRUE,2,2022/12/13 15:00:00+00
M000929,NA,1,TRUE,6,2022/12/18 13:00:00+00
M001101,NA,1,FALSE,1,NA
M001104,NA,2,FALSE,3,NA
M001108,NA,1,FALSE,6,NA
M001109,NA,1,TRUE,2,2022/12/25 16:00:00+00
M001113,NA,2,TRUE,3,2022/12/24 05:00:00+00
M001115,NA,1,FALSE,5,NA
M001116,NA,1,TRUE,5,2022/12/10 12:00:00+00
M001120,NA,2,TRUE,5,NA
M001122,NA,2,TRUE,4,2022/12/09 21:00:00+00
M001126,NA,1,FALSE,5,NA
M001128,NA,2,TRUE,2,NA
M001129,NA,1,FALSE,6,NA
M001130,NA,1,TRUE,2,2022/12/02 00:00:00+00
M001132,NA,2,TRUE,NA,NA
M001133,NA,1,FALSE,6,NA
M001135,NA,1,FALSE,3,NA
M001136,NA,1,TRUE,6,2022/12/01 21:00:00+00
M001138,NA,1,FALSE,1,NA
M001140,NA,2,FALSE,3,NA
M001143,NA,1,FALSE,3,NA
M001146,NA,1,FALSE,6,NA
M001147,NA,1,FALSE,6,NA
M001150,NA,1,FALSE,5,NA
M001152,NA,1,FALSE,1,NA
M001154,NA,1,FALSE,6,NA
M001156,NA,1,FALSE,3,NA
M001157,NA,1,FALSE,3,NA
M001158,NA,1,FALSE,3,NA
M001161,NA,1,FALSE,5,NA
M001162,NA,1,TRUE,5,2022/12/13 09:00:00+00
M001163,NA,1,FALSE,1,NA
M001164,NA,1,FALSE,NA,NA
M001166,NA,1,FALSE,6,NA
M001167,NA,1,FALSE,3,NA
M001169,NA,1,FALSE,3,NA
M001170,NA,1,FALSE,3,NA
M001172,NA,1,FALSE,5,NA
M001173,NA,1,FALSE,3,NA
M001174,NA,1,FALSE,5,NA
M001175,NA,1,FALSE,5,NA
M001178,NA,1,TRUE,1,2022/12/02 07:00:00+00
M001180,NA,1,TRUE,2,2022/12/31 10:00:00+00
M001181,NA,1,FALSE,3,NA
M001183,NA,1,TRUE,1,2022/12/08 08:00:00+00
M001185,NA,1,TRUE,4,2022/12/21 07:00:00+00
M001186,NA,1,FALSE,6,NA
M001187,NA,1,TRUE,5,2022/12/21 22:00:00+00
M001189,NA,1,TRUE,6,2022/10/06 23:00:00+00
M001193,NA,1,FALSE,5,NA
M001195,NA,1,FALSE,5,NA
M001196,NA,1,FALSE,1,NA
M001198,NA,1,FALSE,1,NA
M001200,NA,1,FALSE,4,NA
M001202,NA,1,FALSE,5,NA
M001205,NA,1,FALSE,4,NA
M001206,NA,1,FALSE,1,NA
M001207,NA,1,FALSE,3,NA
M001208,NA,1,TRUE,1,2022/07/13 04:00:00+00
M001210,NA,1,FALSE,NA,NA
M001211,NA,2,TRUE,1,NA
M001212,NA,1,FALSE,2,NA
M001217,NA,2,TRUE,3,2022/04/30 06:00:00+00
M001218,NA,1,FALSE,NA,NA
M001221,NA,2,TRUE,5,2022/05/14 08:00:00+00
M001223,NA,1,FALSE,4,NA
M001226,NA,2,TRUE,1,2022/05/01 07:00:00+00
M001227,NA,1,FALSE,6,NA
M001229,NA,1,FALSE,5,NA
M001231,NA,1,FALSE,5,NA
M001233,NA,1,FALSE,6,NA
M001234,NA,1,FALSE,6,NA
M001235,NA,1,FALSE,1,NA
M001238,NA,1,FALSE,2,NA
M001241,NA,1,FALSE,4,NA
M001242,NA,1,TRUE,4,2022/05/11 21:00:00+00
M001243,NA,1,TRUE,4,2022/08/14 07:00:00+00
M001247,NA,1,FALSE,5,NA
M001248,NA,1,TRUE,NA,2022/05/12 06:00:00+00
M001253,NA,1,FALSE,3,NA
M001254,NA,2,FALSE,1,NA
M001256,NA,1,TRUE,5,2022/12/19 15:00:00+00
M001257,NA,1,FALSE,6,NA
M001260,NA,1,TRUE,6,2022/05/28 10:00:00+00
M001261,NA,1,FALSE,4,NA
M001263,NA,1,FALSE,2,NA
M001265,NA,1,TRUE,5,2022/05/08 20:00:00+00
M001269,NA,1,FALSE,1,NA
M001271,NA,1,TRUE,2,2022/05/21 05:00:00+00
M001275,NA,1,FALSE,6,NA
M001276,NA,2,FALSE,1,NA
M001278,NA,1,FALSE,3,NA
M001280,NA,1,FALSE,2,NA
M001282,NA,2,FALSE,3,NA
M001286,NA,2,FALSE,6,NA
M001292,NA,1,FALSE,1,NA
M001293,NA,3,FALSE,NA,NA
M001295,NA,1,FALSE,NA,NA
M001296,NA,1,FALSE,4,NA
M001298,NA,1,FALSE,6,NA
M001300,NA,1,FALSE,2,NA
M001302,NA,1,FALSE,5,NA
M001304,NA,1,FALSE,6,NA
M001305,NA,1,FALSE,3,NA
M001307,NA,1,TRUE,5,2022/05/13 21:00:00+00
M001308,NA,1,FALSE,3,NA
M001309,NA,1,TRUE,1,2022/05/17 06:00:00+00
M001311,NA,1,FALSE,5,NA
M001312,NA,1,FALSE,3,NA
M001313,NA,1,FALSE,4,NA
M001314,NA,2,TRUE,1,NA
M001316,NA,1,FALSE,5,NA
M001317,NA,1,FALSE,6,NA
M001320,NA,1,FALSE,1,NA
M001321,NA,1,FALSE,1,NA
M001322,NA,1,FALSE,1,NA
M001323,NA,1,FALSE,1,NA
M001325,NA,1,FALSE,1,NA
M001326,NA,1,FALSE,2,NA
M001328,NA,1,FALSE,4,NA
M001330,NA,1,TRUE,2,2022/07/01 16:00:00+00
M001332,NA,1,FALSE,1,NA
M001335,NA,1,FALSE,1,NA
M001336,NA,1,FALSE,2,NA
M001337,NA,1,FALSE,4,NA
M001338,NA,1,FALSE,5,NA
M001341,NA,1,FALSE,1,NA
M001342,NA,1,TRUE,3,2022/06/19 18:00:00+00
M001344,NA,1,FALSE,2,NA
M001347,NA,1,TRUE,2,2022/06/17 05:00:00+00
M001348,NA,1,TRUE,5,2022/06/30 02:00:00+00
M001351,NA,1,FALSE,6,NA
M001353,NA,1,FALSE,2,NA
M001354,NA,2,FALSE,5,NA
M001358,NA,1,FALSE,2,NA
M001359,NA,2,FALSE,NA,NA
M001361,NA,1,FALSE,6,NA
M001363,NA,1,FALSE,5,NA
M001364,NA,2,TRUE,3,NA
M001365,NA,1,TRUE,4,2022/06/16 10:00:00+00
M001367,NA,1,TRUE,4,2022/07/01 14:00:00+00
M001370,NA,1,TRUE,6,2022/06/16 16:00:00+00
M001372,NA,1,FALSE,1,NA
M001373,NA,1,TRUE,6,2022/06/11 09:00:00+00
M001375,NA,1,FALSE,5,NA
M001378,NA,1,FALSE,2,NA
M001382,NA,1,FALSE,2,NA
M001384,NA,1,FALSE,3,NA
M001385,NA,1,TRUE,2,2022/06/18 07:00:00+00
M001389,NA,1,FALSE,1,NA
M001390,NA,1,FALSE,6,NA
M001391,NA,2,FALSE,5,NA
M001394,NA,1,FALSE,4,NA
M001395,NA,1,FALSE,1,NA
M001396,NA,1,FALSE,4,NA
M001398,NA,1,TRUE,6,2022/06/27 04:00:00+00
M001401,NA,2,FALSE,1,NA
M001404,NA,1,TRUE,6,2022/08/16 05:00:00+00
M001408,NA,1,FALSE,3,NA
M001410,NA,1,FALSE,2,NA
M001413,NA,1,FALSE,1,NA
M001415,NA,1,FALSE,3,NA
M001418,NA,1,FALSE,NA,NA
M001419,NA,1,FALSE,1,NA
M001422,NA,1,FALSE,NA,NA
M001423,NA,1,FALSE,6,NA
M001426,NA,1,FALSE,2,NA
M001427,NA,1,FALSE,6,NA
M001429,NA,1,FALSE,4,NA
M001430,NA,2,TRUE,3,NA
M001431,NA,1,TRUE,6,2022/07/30 15:00:00+00
M001432,NA,1,TRUE,3,2022/07/10 21:00:00+00
M001433,NA,1,FALSE,1,NA
M001435,NA,1,FALSE,5,NA
M001437,NA,1,TRUE,1,2022/07/01 07:00:00+00
M001439,NA,1,FALSE,3,NA
M001440,NA,1,FALSE,1,NA
M001442,NA,1,FALSE,1,NA
M001444,NA,1,TRUE,NA,2022/07/03 08:00:00+00
M001447,NA,1,FALSE,5,NA
M001448,NA,1,FALSE,3,NA
M001450,NA,1,TRUE,3,2022/07/15 00:00:00+00
M001452,NA,1,FALSE,4,NA
M001453,NA,1,TRUE,5,2022/07/23 05:00:00+00
M001458,NA,1,FALSE,6,NA
M001459,NA,1,FALSE,5,NA
M001460,NA,1,FALSE,5,NA
M001461,NA,2,FALSE,6,NA
M001464,NA,1,FALSE,6,NA
M001466,NA,1,FALSE,3,NA
M001468,NA,1,FALSE,2,NA
M001470,NA,1,FALSE,6,NA
M001471,NA,2,FALSE,3,NA
M001474,NA,1,TRUE,1,2022/07/16 04:00:00+00
M001476,NA,1,FALSE,NA,NA
M001477,NA,1,FALSE,3,NA
M001478,NA,2,FALSE,2,NA
M001482,NA,1,FALSE,4,NA
M001483,NA,1,FALSE,2,NA
M001485,NA,1,FALSE,4,NA
M001488,NA,1,FALSE,4,NA
M001489,NA,1,FALSE,1,NA
M001490,NA,1,TRUE,5,2022/07/20 03:00:00+00
M001493,NA,1,FALSE,1,NA
M001495,NA,1,FALSE,2,NA
M001497,NA,1,FALSE,1,NA
M001498,NA,1,FALSE,3,NA
M001500,NA,1,FALSE,NA,NA
M001502,NA,1,TRUE,2,2022/08/06 09:00:00+00
M001506,NA,1,FALSE,3,NA
M001510,NA,1,FALSE,6,NA
M001512,NA,1,FALSE,1,NA
M001513,NA,1,FALSE,4,NA
M001515,NA,1,FALSE,5,NA
M001516,NA,1,FALSE,1,NA
M001518,NA,1,FALSE,5,NA
M001519,NA,1,FALSE,1,NA
M001521,NA,2,TRUE,4,NA
M001523,NA,1,FALSE,2,NA
M001527,NA,1,FALSE,4,NA
M001528,NA,1,FALSE,5,NA
M001530,NA,1,FALSE,NA,NA
M001531,NA,1,FALSE,2,NA
M001533,NA,1,FALSE,3,NA
M001536,NA,2,FALSE,2,NA
M001538,NA,1,TRUE,4,2022/08/14 07:00:00+00
M001539,NA,1,FALSE,1,NA
M001540,NA,1,FALSE,5,NA
M001541,NA,1,TRUE,1,2022/09/23 19:00:00+00
M001544,NA,1,FALSE,3,NA
M001545,NA,1,FALSE,2,NA
M001547,NA,1,FALSE,2,NA
M001548,NA,3,FALSE,6,NA
M001550,NA,1,FALSE,1,NA
M001552,NA,1,FALSE,2,NA
M001554,NA,1,FALSE,4,NA
M001557,NA,1,FALSE,5,NA
M001559,NA,1,FALSE,1,NA
M001562,NA,1,FALSE,NA,NA
M001564,NA,1,FALSE,2,NA
M001567,NA,1,FALSE,1,NA
M001568,NA,1,TRUE,1,2022/09/13 02:00:00+00
M001570,NA,1,FALSE,4,NA
M001573,NA,1,FALSE,5,NA
M001575,NA,1,FALSE,4,NA
M001577,NA,1,FALSE,3,NA
M001578,NA,2,FALSE,3,NA
M001580,NA,1,FALSE,4,NA
M001583,NA,1,FALSE,4,NA
M001584,NA,1,FALSE,3,NA
M001585,NA,1,FALSE,1,NA
M001588,NA,1,FALSE,3,NA
M001590,NA,1,FALSE,1,NA
M001593,NA,1,TRUE,3,2022/09/09 22:00:00+00
M001595,NA,1,FALSE,4,NA
M001597,NA,3,FALSE,6,NA
M001602,NA,1,TRUE,5,2022/09/22 23:00:00+00
M001603,NA,1,FALSE,2,NA
M001605,NA,1,FALSE,3,NA
M001607,NA,1,FALSE,2,NA
M001608,NA,1,FALSE,5,NA
M001610,NA,1,FALSE,1,NA
M001611,NA,1,FALSE,5,NA
M001613,NA,1,TRUE,5,2022/09/16 09:00:00+00
M001615,NA,1,FALSE,5,NA
M001616,NA,1,FALSE,1,NA
M001619,NA,1,FALSE,3,NA
M001621,NA,1,FALSE,1,NA
M001623,NA,1,FALSE,5,NA
M001625,NA,1,FALSE,4,NA
M001628,NA,1,FALSE,6,NA
M001629,NA,1,TRUE,4,2022/09/09 03:00:00+00
M001631,NA,1,FALSE,4,NA
M001632,NA,1,FALSE,6,NA
M001633,NA,1,FALSE,5,NA
M001636,NA,2,FALSE,1,NA
M001638,NA,1,FALSE,6,NA
M001642,NA,1,FALSE,6,NA
M001643,NA,1,FALSE,1,NA
M001645,NA,1,FALSE,2,NA
M001647,NA,1,FALSE,3,NA
M001648,NA,1,FALSE,3,NA
M001651,NA,1,FALSE,5,NA
M001654,NA,1,FALSE,2,NA
M001656,NA,1,FALSE,3,NA
M001661,NA,2,FALSE,4,NA
M001664,NA,1,FALSE,6,NA
M001665,NA,1,TRUE,1,2022/10/23 08:00:00+00
M001669,NA,1,TRUE,3,2022/10/19 01:00:00+00
M001670,NA,1,FALSE,6,NA
M001673,NA,1,FALSE,5,NA
M001675,NA,1,FALSE,1,NA
M001677,NA,1,TRUE,5,2022/09/06 21:00:00+00
M001678,NA,1,FALSE,1,NA
M001681,NA,1,FALSE,1,NA
M001686,NA,1,FALSE,4,NA
M001687,NA,1,FALSE,5,NA
M001688,NA,1,TRUE,6,2022/07/23 16:00:00+00
M001692,NA,1,TRUE,3,2022/10/11 22:00:00+00
M001694,NA,1,FALSE,6,NA
M001695,NA,1,FALSE,6,NA
M001696,NA,1,FALSE,NA,NA
M001698,NA,1,FALSE,3,NA
M001699,NA,1,TRUE,4,2022/11/16 20:00:00+00
M001702,NA,1,FALSE,3,NA
M001703,NA,1,FALSE,1,NA
M001706,NA,1,FALSE,3,NA
M001707,NA,1,FALSE,1,NA
M001709,NA,1,FALSE,1,NA
M001711,NA,1,TRUE,NA,2022/08/12 07:00:00+00
M001712,NA,1,FALSE,6,NA
M001713,NA,1,FALSE,1,NA
M001714,NA,2,FALSE,3,NA
M001716,NA,1,FALSE,NA,NA
M001720,NA,1,FALSE,6,NA
M001721,NA,1,FALSE,3,NA
M001722,NA,1,TRUE,6,2022/11/28 20:00:00+00
M001726,NA,1,TRUE,5,2022/10/26 06:00:00+00
M001730,NA,1,FALSE,4,NA
M001733,NA,1,TRUE,6,2022/11/03 22:00:00+00
M001735,NA,1,FALSE,3,NA
M001737,NA,1,TRUE,1,2022/06/13 06:00:00+00
M001739,NA,1,TRUE,6,2022/04/30 12:00:00+00
M001741,NA,1,TRUE,6,2022/10/20 22:00:00+00
M001744,NA,1,TRUE,1,2022/09/02 21:00:00+00
M001746,NA,1,FALSE,NA,NA
M001747,NA,1,TRUE,NA,2022/06/23 01:00:00+00
M001750,NA,1,FALSE,1,NA
M001751,NA,2,FALSE,2,NA
M001755,NA,1,FALSE,1,NA
M001757,NA,1,TRUE,1,2022/11/19 09:00:00+00
M001758,NA,1,TRUE,6,2022/10/07 07:00:00+00
M001760,NA,1,TRUE,3,2022/10/24 03:00:00+00
M001761,NA,1,FALSE,NA,NA
M001763,NA,1,TRUE,3,2022/11/22 13:00:00+00
M001765,NA,1,TRUE,3,2022/11/03 05:00:00+00
M001766,NA,1,FALSE,1,NA
M001769,NA,1,TRUE,3,2022/10/26 21:00:00+00
M001770,NA,1,FALSE,1,NA
